client_id,account_id,genero,idade,nome_distrito,regiao,salario_medio_distrito,taxa_desemprego_96,frequency,saldo_medio,num_transacoes,volume_movimentado,emprestimo_ativo,valor_emprestimo,num_cartoes,status,risco,probabilidade_risco
4918,4081,M,31,Praha - zapad,central Bohemia,9622,0.59,POPLATEK MESICNE,10176.706976744186,215,1078108,0,137904.0,0,B,1,0.9
11327,9199,M,52,Olomouc,north Moravia,8994,4.79,POPLATEK MESICNE,13411.633484162896,221,1030630,0,29448.0,0,B,1,0.86
2823,2335,F,53,Karvina,north Moravia,10177,7.75,POPLATEK MESICNE,6690.547112462006,329,1033923,1,541200.0,0,D,1,0.85
25,19,F,60,Tabor,south Bohemia,9104,2.07,POPLATEK MESICNE,16253.069306930693,303,1575532,0,30276.0,0,B,1,0.85
9675,7824,F,29,Prostejov,south Moravia,8441,4.48,POPLATEK MESICNE,36164.18879056048,339,3405704,0,189696.0,0,B,1,0.82
12859,10451,F,23,Hl.m. Praha,Prague,12541,0.43,POPLATEK MESICNE,19822.57357859532,598,2244882,1,482940.0,0,D,1,0.81
424,347,M,52,Hl.m. Praha,Prague,12541,0.43,POPLATEK MESICNE,43980.70448548813,379,3945724,0,187224.0,0,B,1,0.81
512,426,F,34,Prostejov,south Moravia,8441,4.48,POPLATEK MESICNE,34002.15990990991,444,3107455,1,252060.0,0,D,1,0.8
2635,2176,F,33,Bruntal,north Moravia,8110,6.55,POPLATEK MESICNE,34860.12951167728,471,4076300,0,299088.0,0,B,1,0.78
7980,6609,M,23,Jindrichuv Hradec,south Bohemia,8427,1.54,POPLATEK MESICNE,38553.81850533808,281,2248914,0,60156.0,0,B,1,0.78
9196,7418,F,60,Tabor,south Bohemia,9104,2.07,POPLATEK MESICNE,16124.055702917773,377,1574936,0,30276.0,0,B,1,0.78
3962,3273,M,47,Ostrava - mesto,north Moravia,10673,5.44,POPLATEK MESICNE,34594.553846153845,260,3915498,0,94512.0,0,B,1,0.77
2166,1787,F,52,Sokolov,west Bohemia,9650,3.67,POPLATEK TYDNE,44264.57320099256,403,4108893,0,96396.0,0,B,1,0.76
5788,4794,M,37,Olomouc,north Moravia,8994,4.79,POPLATEK MESICNE,18703.736040609136,197,884761,1,465504.0,0,D,1,0.76
11105,9017,F,42,Karvina,north Moravia,10177,7.75,POPLATEK MESICNE,15865.943820224718,267,1018345,1,100224.0,0,D,1,0.76
6567,5442,F,21,Kolin,central Bohemia,9307,4.43,POPLATEK MESICNE,30542.00566037736,530,4338775,0,174744.0,1,B,1,0.76
6895,5700,M,28,Havlickuv Brod,east Bohemia,8388,2.94,POPLATEK MESICNE,21089.54366197183,355,1451909,1,103680.0,0,D,1,0.75
1327,1106,F,36,Strakonice,south Bohemia,8547,3.64,POPLATEK TYDNE,37400.72823218998,379,3544932,0,192552.0,0,B,1,0.75
12756,10365,F,50,Domazlice,west Bohemia,8620,1.25,POPLATEK MESICNE,48178.88352272727,352,3136576,1,260640.0,0,D,1,0.75
10566,8566,F,57,Ostrava - mesto,north Moravia,10673,5.44,POPLATEK MESICNE,32238.699115044248,452,3063544,0,230220.0,0,B,1,0.74
6115,5066,F,46,Rakovnik,central Bohemia,8598,3.26,POPLATEK TYDNE,43681.72672672672,333,2387814,0,61656.0,0,B,1,0.74
7166,5927,M,35,Cesky Krumlov,south Bohemia,9045,3.6,POPLATEK MESICNE,17821.677290836655,502,1919824,0,87216.0,0,B,1,0.74
5384,4462,M,64,Opava,north Moravia,8746,3.74,POPLATEK TYDNE,31561.55276381909,199,1940836,0,66480.0,0,B,1,0.73
3670,3037,F,19,Chrudim,east Bohemia,8254,3.76,POPLATEK MESICNE,33307.33828996283,269,2323581,1,277884.0,0,D,1,0.73
2422,1993,F,23,Frydek - Mistek,north Moravia,9893,4.72,POPLATEK MESICNE,33456.97530864197,243,2170219,0,68400.0,0,B,1,0.73
7348,6083,F,22,Kutna Hora,central Bohemia,8546,4.02,POPLATEK TYDNE,44139.00909090909,220,2500616,1,360864.0,0,D,1,0.73
4433,3678,M,31,Hl.m. Praha,Prague,12541,0.43,POPLATEK MESICNE,9629.374396135268,414,1600825,1,316140.0,0,D,1,0.72
6551,5428,F,51,Karlovy Vary,west Bohemia,8991,2.01,POPLATEK MESICNE,45002.30131004367,458,4661974,0,174744.0,0,B,1,0.71
7727,6400,F,41,Tachov,west Bohemia,8930,4.2,POPLATEK PO OBRATU,40908.19163763066,287,2053496,0,72408.0,0,B,1,0.71
10355,8381,F,23,Ceske Budejovice,south Bohemia,10045,1.71,POPLATEK MESICNE,49787.87265917603,267,2750914,1,333648.0,0,D,1,0.7
3829,3166,M,27,Kromeriz,south Moravia,8444,3.47,POPLATEK MESICNE,51253.644028103045,427,4153134,1,177744.0,1,D,1,0.7
11857,9633,M,47,Karvina,north Moravia,10177,7.75,POPLATEK MESICNE,48328.89492753623,276,2662518,1,59448.0,0,D,1,0.7
6363,5267,F,26,Kladno,central Bohemia,9753,5.05,POPLATEK MESICNE,43748.0686695279,233,2867866,1,129312.0,0,D,1,0.7
8510,7052,M,52,Brno - venkov,south Moravia,8743,2.43,POPLATEK PO OBRATU,21967.14423076923,104,564033,1,63972.0,0,D,1,0.69
9846,7966,F,32,Brno - mesto,south Moravia,9897,1.96,POPLATEK MESICNE,44964.875,168,1402320,1,473280.0,0,D,1,0.68
2708,2236,M,41,Opava,north Moravia,8746,3.74,POPLATEK MESICNE,22738.48538011696,171,1307145,1,139464.0,0,D,1,0.68
12464,10131,M,40,Most,north Bohemia,10446,9.4,POPLATEK MESICNE,35553.26065162908,399,2894072,0,215388.0,0,B,1,0.68
4786,3967,M,61,Brno - mesto,south Moravia,9897,1.96,POPLATEK MESICNE,57086.68253968254,189,2395987,1,84600.0,0,D,1,0.67
5203,4320,F,54,Trebic,south Moravia,8814,5.74,POPLATEK MESICNE,47434.37755102041,196,2877730,0,51360.0,0,B,1,0.66
946,790,M,48,Brno - mesto,south Moravia,9897,1.96,POPLATEK MESICNE,45511.28078817734,406,3769526,0,208128.0,1,B,1,0.66
8105,6715,M,36,Olomouc,north Moravia,8994,4.79,POPLATEK TYDNE,33760.87313432836,402,2585940,1,137880.0,0,D,1,0.65
3855,3189,M,60,Rokycany,west Bohemia,8843,3.6,POPLATEK MESICNE,34328.72448979592,196,1452161,1,222180.0,0,D,1,0.65
7435,6158,F,42,Bruntal,north Moravia,8110,6.55,POPLATEK MESICNE,48419.52252252252,111,1009948,1,247920.0,0,D,1,0.65
13548,11021,M,23,Hl.m. Praha,Prague,12541,0.43,POPLATEK MESICNE,63229.39278557114,499,5041803,0,168984.0,0,B,1,0.65
10159,8225,M,61,Svitavy,east Bohemia,8187,5.45,POPLATEK MESICNE,26264.663265306124,196,987042,1,36204.0,0,D,1,0.64
6299,5213,M,63,Hl.m. Praha,Prague,12541,0.43,POPLATEK MESICNE,47205.455149501664,301,4033318,1,320976.0,1,D,1,0.64
3730,3084,F,54,Kromeriz,south Moravia,8444,3.47,POPLATEK TYDNE,31399.71,200,1643053,1,253512.0,0,D,1,0.63
45,37,M,47,Strakonice,south Bohemia,8547,3.64,POPLATEK MESICNE,37547.484615384616,130,948159,1,318480.0,0,D,1,0.63
533,442,F,58,Brno - mesto,south Moravia,9897,1.96,POPLATEK MESICNE,31241.4875,80,804592,1,357840.0,0,D,1,0.62
9973,8073,F,54,Karlovy Vary,west Bohemia,8991,2.01,POPLATEK PO OBRATU,49615.367729831145,533,5190132,0,49320.0,0,B,1,0.61
6936,5735,F,40,Usti nad Orlici,east Bohemia,8363,3.49,POPLATEK MESICNE,51671.276190476194,315,3217275,1,290700.0,0,D,1,0.58
4968,4127,M,61,Svitavy,east Bohemia,8187,5.45,POPLATEK MESICNE,17675.408450704224,142,576627,1,100800.0,0,D,1,0.58
968,808,M,42,Jesenik,north Moravia,8173,7.01,POPLATEK MESICNE,18051.91958041958,286,1387906,1,215616.0,0,D,1,0.5
5337,4427,M,38,Hl.m. Praha,Prague,12541,0.43,POPLATEK MESICNE,18739.486559139787,372,1617565,0,87816.0,0,A,0,0.49
7311,6051,M,50,Breclav,south Moravia,8772,4.98,POPLATEK MESICNE,16486.544757033247,391,1414293,0,276660.0,0,B,1,0.48
1851,1527,F,24,Tachov,west Bohemia,8930,4.2,POPLATEK PO OBRATU,36316.57326478149,389,3678761,0,164052.0,0,B,1,0.46
2834,2345,M,50,Usti nad Orlici,east Bohemia,8363,3.49,POPLATEK MESICNE,32837.6275,400,2685005,1,199680.0,0,C,0,0.42
1286,1071,F,49,Usti nad Orlici,east Bohemia,8363,3.49,POPLATEK TYDNE,47187.45292620865,393,3758239,1,253200.0,0,C,0,0.41
426,349,M,62,Olomouc,north Moravia,8994,4.79,POPLATEK MESICNE,17055.168224299065,107,341603,1,42816.0,0,C,0,0.4
4520,3747,F,42,Hl.m. Praha,Prague,12541,0.43,POPLATEK MESICNE,17848.691211401427,421,1281895,0,76380.0,0,A,0,0.39
8130,6738,F,23,Uherske Hradiste,south Moravia,8544,1.86,POPLATEK MESICNE,37719.62152777778,288,2153880,0,37908.0,0,A,0,0.39
7291,6034,F,59,Vsetin,north Moravia,8909,5.56,POPLATEK TYDNE,37420.98639455783,441,4468719,0,464520.0,0,B,1,0.38
6829,5650,F,36,Praha - vychod,central Bohemia,10124,0.54,POPLATEK PO OBRATU,43995.25993883792,327,2621159,0,98592.0,0,A,0,0.37
2392,1967,M,44,Plzen - mesto,west Bohemia,10787,3.09,POPLATEK TYDNE,45595.81456953642,302,3681220,1,249312.0,0,C,0,0.37
10813,8772,F,20,Hl.m. Praha,Prague,12541,0.43,POPLATEK MESICNE,15259.625,192,751260,1,88272.0,0,C,0,0.37
2451,2018,M,60,Havlickuv Brod,east Bohemia,8388,2.94,POPLATEK MESICNE,17777.094262295082,244,568057,0,38520.0,0,A,0,0.35
13260,10788,F,22,Olomouc,north Moravia,8994,4.79,POPLATEK TYDNE,31357.361930294905,373,2241628,0,45768.0,0,A,0,0.33
2181,1801,M,31,Nachod,east Bohemia,8369,2.31,POPLATEK MESICNE,43499.84202211691,633,4751851,0,165960.0,0,A,0,0.33
13346,10857,M,43,Svitavy,east Bohemia,8187,5.45,POPLATEK MESICNE,23113.37341772152,158,1348465,1,385560.0,0,D,1,0.33
5517,4576,M,35,Hodonin,south Moravia,8720,4.5,POPLATEK MESICNE,35204.224096385544,415,2752868,0,300204.0,0,A,0,0.33
11804,9591,M,55,Ostrava - mesto,north Moravia,10673,5.44,POPLATEK MESICNE,45250.45514223195,457,4371113,0,104712.0,0,A,0,0.33
981,817,M,39,Kolin,central Bohemia,9307,4.43,POPLATEK MESICNE,31340.382271468145,361,2622729,1,538500.0,0,C,0,0.32
9702,7844,F,48,Decin,north Bohemia,8705,7.61,POPLATEK MESICNE,48070.34972677596,366,4208592,0,91584.0,0,A,0,0.32
9226,7445,F,60,Zlin,south Moravia,9624,2.31,POPLATEK MESICNE,42411.901669758816,539,4787866,0,55368.0,0,A,0,0.32
1917,1583,F,30,Jesenik,north Moravia,8173,7.01,POPLATEK PO OBRATU,38211.29498525074,339,3824772,1,388512.0,0,D,1,0.32
10510,8519,F,54,Cheb,west Bohemia,8624,2.66,POPLATEK MESICNE,47345.55218216319,527,5581784,0,74688.0,0,A,0,0.32
1282,1068,M,63,Usti nad Orlici,east Bohemia,8363,3.49,POPLATEK MESICNE,34852.120253164554,158,867309,1,253200.0,0,C,0,0.31
10389,8411,F,56,Strakonice,south Bohemia,8547,3.64,POPLATEK MESICNE,31612.20918367347,392,2361498,1,220620.0,0,C,0,0.31
12003,9750,M,23,Ostrava - mesto,north Moravia,10673,5.44,POPLATEK MESICNE,47080.875,416,4306964,1,151728.0,0,D,1,0.31
3767,3115,M,63,Ceske Budejovice,south Bohemia,10045,1.71,POPLATEK MESICNE,36220.728155339806,206,2306539,1,321180.0,0,C,0,0.3
12625,10266,M,41,Brno - mesto,south Moravia,9897,1.96,POPLATEK MESICNE,38446.62030905077,453,4400811,0,75624.0,0,B,1,0.3
4529,3754,M,23,Litomerice,north Bohemia,9065,5.39,POPLATEK TYDNE,49882.32051282052,312,2136509,0,68544.0,0,A,0,0.3
383,314,F,60,Cesky Krumlov,south Bohemia,9045,3.6,POPLATEK PO OBRATU,39265.5067264574,223,2804883,1,66840.0,0,C,0,0.28
7815,6473,F,53,Kladno,central Bohemia,9753,5.05,POPLATEK MESICNE,46888.48837209302,473,5475314,0,76908.0,0,B,1,0.28
9670,7819,M,51,Louny,north Bohemia,8965,8.23,POPLATEK MESICNE,20476.82233502538,591,1298800,1,20832.0,0,C,0,0.27
4434,3679,M,35,Zlin,south Moravia,9624,2.31,POPLATEK MESICNE,32884.16053511706,299,1660427,1,444864.0,0,C,0,0.26
4474,3711,F,35,Beroun,central Bohemia,8980,2.21,POPLATEK MESICNE,24349.287128712876,101,768070,1,460980.0,0,D,1,0.26
4722,3916,M,27,Mlada Boleslav,central Bohemia,11277,1.44,POPLATEK MESICNE,18985.94680851064,94,535186,1,96984.0,0,C,0,0.26
7390,6118,M,62,Hl.m. Praha,Prague,12541,0.43,POPLATEK TYDNE,44437.72549019608,408,3032921,0,270648.0,0,B,1,0.25
3471,2872,F,47,Hl.m. Praha,Prague,12541,0.43,POPLATEK MESICNE,18990.2774566474,173,749688,1,268320.0,0,C,0,0.25
7339,6075,F,25,Prachatice,south Bohemia,8402,3.98,POPLATEK MESICNE,14818.5390625,128,407801,1,407952.0,0,D,1,0.25
12416,10093,M,26,Hl.m. Praha,Prague,12541,0.43,POPLATEK TYDNE,44400.98723404255,470,4696529,0,231696.0,0,A,0,0.25
2720,2246,F,50,Hl.m. Praha,Prague,12541,0.43,POPLATEK MESICNE,46116.73015873016,189,2448294,1,415800.0,0,C,0,0.24
10702,8680,M,61,Pelhrimov,south Bohemia,8114,2.62,POPLATEK MESICNE,21190.644,250,1082901,1,85716.0,0,C,0,0.24
7765,6434,F,41,Hl.m. Praha,Prague,12541,0.43,POPLATEK MESICNE,48492.11885245902,244,2615656,0,110136.0,0,A,0,0.24
2195,1811,F,57,Frydek - Mistek,north Moravia,9893,4.72,POPLATEK MESICNE,35110.631914893616,470,3371937,1,239460.0,0,C,0,0.23
5866,4858,F,21,Bruntal,north Moravia,8110,6.55,POPLATEK MESICNE,31331.328358208957,134,1611321,1,335184.0,0,D,1,0.23
6499,5385,M,36,Chrudim,east Bohemia,8254,3.76,POPLATEK TYDNE,35020.355971896955,427,2346750,1,149340.0,0,C,0,0.23
5134,4260,F,32,Jihlava,south Moravia,8757,3.95,POPLATEK MESICNE,30600.56712328767,365,3269091,1,244560.0,0,C,0,0.23
7678,6358,M,37,Beroun,central Bohemia,8980,2.21,POPLATEK MESICNE,47479.65957446808,282,3187429,1,270384.0,0,C,0,0.23
4652,3859,M,37,Blansko,south Moravia,8240,3.56,POPLATEK MESICNE,31669.20809248555,173,1797734,1,307200.0,0,D,1,0.22
9987,8085,F,49,Opava,north Moravia,8746,3.74,POPLATEK MESICNE,33174.60344827586,232,2112043,1,260400.0,0,D,1,0.22
6544,5422,M,25,Zdar nad Sazavou,south Moravia,8512,4.12,POPLATEK MESICNE,50416.7875,480,4686646,1,368880.0,0,C,0,0.22
13190,10728,M,43,Novy Jicin,north Moravia,8678,5.57,POPLATEK MESICNE,40462.38438438439,333,2155165,1,154656.0,0,C,0,0.22
6034,4995,M,60,Strakonice,south Bohemia,8547,3.64,POPLATEK TYDNE,43608.5,308,3096660,1,128988.0,0,D,1,0.21
10273,8320,F,41,Trutnov,east Bohemia,8541,2.97,POPLATEK MESICNE,37136.68711656442,163,1523634,1,309660.0,0,C,0,0.21
7241,5991,F,42,Hodonin,south Moravia,8720,4.5,POPLATEK MESICNE,33080.69063180828,459,2173132,0,61056.0,0,A,0,0.21
5318,4413,M,31,Ostrava - mesto,north Moravia,10673,5.44,POPLATEK TYDNE,37825.62790697674,387,4279387,1,221280.0,0,C,0,0.21
10282,8327,M,20,Hl.m. Praha,Prague,12541,0.43,POPLATEK TYDNE,48589.16224188791,339,2572061,1,247728.0,1,C,0,0.2
1608,1329,M,58,Blansko,south Moravia,8240,3.56,POPLATEK MESICNE,21759.182857142856,175,711373,0,23520.0,0,A,0,0.2
1594,1318,M,60,Breclav,south Moravia,8772,4.98,POPLATEK MESICNE,22717.736842105263,57,378128,1,185544.0,0,C,0,0.2
2136,1762,F,59,Plzen - sever,west Bohemia,8594,2.01,POPLATEK MESICNE,30375.148979591835,490,2516447,0,248148.0,0,A,0,0.2
3072,2545,M,63,Hl.m. Praha,Prague,12541,0.43,POPLATEK MESICNE,19475.354166666668,192,699669,1,428784.0,0,C,0,0.2
11149,9052,M,34,Hradec Kralove,east Bohemia,9425,2.5,POPLATEK PO OBRATU,45866.59735973598,303,3159773,1,71976.0,0,D,1,0.2
11130,9037,F,38,Hl.m. Praha,Prague,12541,0.43,POPLATEK MESICNE,35405.344660194176,206,853531,1,321936.0,0,C,0,0.19
11250,9138,F,53,Plzen - mesto,west Bohemia,10787,3.09,POPLATEK MESICNE,35173.10747663552,214,1597320,1,272220.0,0,D,1,0.19
10987,8919,F,38,Uherske Hradiste,south Moravia,8544,1.86,POPLATEK MESICNE,22085.475177304965,141,267077,1,76104.0,0,C,0,0.19
5333,4423,F,32,Most,north Bohemia,10446,9.4,POPLATEK MESICNE,43375.69850746269,335,2712558,0,73836.0,1,A,0,0.19
12358,10049,M,56,Pelhrimov,south Bohemia,8114,2.62,POPLATEK MESICNE,17875.3,230,726987,0,91632.0,0,A,0,0.19
11978,9731,M,28,Brno - mesto,south Moravia,9897,1.96,POPLATEK PO OBRATU,31905.517341040464,346,2031690,0,113796.0,0,A,0,0.19
10475,8489,F,51,Trutnov,east Bohemia,8541,2.97,POPLATEK MESICNE,39222.47893569845,451,2392645,0,265320.0,0,A,0,0.19
1102,915,M,64,Olomouc,north Moravia,8994,4.79,POPLATEK MESICNE,51495.42424242424,330,3941759,1,309552.0,0,C,0,0.18
9316,7523,F,41,Vyskov,south Moravia,8288,4.52,POPLATEK MESICNE,33971.81865284974,386,2339400,0,288468.0,0,A,0,0.18
944,789,M,29,Most,north Bohemia,10446,9.4,POPLATEK MESICNE,17913.54081632653,294,594484,1,73056.0,0,C,0,0.18
1511,1252,F,37,Rakovnik,central Bohemia,8598,3.26,POPLATEK TYDNE,42941.04583333333,240,2160305,1,148140.0,0,C,0,0.18
6922,5724,F,60,Ceske Budejovice,south Bohemia,10045,1.71,POPLATEK PO OBRATU,34838.17745803357,417,2774335,1,232560.0,0,C,0,0.17
7299,6040,M,61,Hl.m. Praha,Prague,12541,0.43,POPLATEK MESICNE,34715.81379310345,580,3268798,0,11736.0,0,A,0,0.17
13687,11135,M,40,Prerov,north Moravia,8819,5.66,POPLATEK MESICNE,39338.67067307692,416,2100508,0,182628.0,0,A,0,0.17
1404,1166,F,31,Praha - zapad,central Bohemia,9622,0.59,POPLATEK MESICNE,37200.3937360179,447,2752895,0,149040.0,0,A,0,0.17
10555,8558,M,64,Hl.m. Praha,Prague,12541,0.43,POPLATEK PO OBRATU,37991.92284866469,337,2032208,1,288360.0,0,C,0,0.16
2494,2055,M,28,Litomerice,north Bohemia,9065,5.39,POPLATEK MESICNE,13352.888888888889,99,460548,1,271260.0,0,C,0,0.16
13172,10711,M,61,Liberec,north Bohemia,9198,4.28,POPLATEK MESICNE,79272.12449799197,249,1333196,1,24180.0,0,C,0,0.16
13113,10663,M,23,Praha - zapad,central Bohemia,9622,0.59,POPLATEK MESICNE,46606.323467230446,473,5658134,0,260028.0,1,A,0,0.16
5050,4190,M,48,Uherske Hradiste,south Moravia,8544,1.86,POPLATEK MESICNE,31995.693037974685,316,1114265,1,405780.0,0,C,0,0.16
13051,10613,M,34,Brno - venkov,south Moravia,8743,2.43,POPLATEK MESICNE,51564.168831168834,77,974907,1,249792.0,1,C,0,0.15
10382,8405,F,34,Strakonice,south Bohemia,8547,3.64,POPLATEK MESICNE,36648.234962406015,532,2663897,1,266220.0,0,C,0,0.15
4299,3562,F,22,Svitavy,east Bohemia,8187,5.45,POPLATEK MESICNE,65372.275,200,2537129,1,174960.0,0,C,0,0.15
1663,1375,M,42,Prachatice,south Bohemia,8402,3.98,POPLATEK MESICNE,51307.85474860335,358,2428534,0,45336.0,0,A,0,0.15
12695,10320,M,20,Frydek - Mistek,north Moravia,9893,4.72,POPLATEK MESICNE,38296.120181405895,441,3752972,0,259740.0,0,A,0,0.15
3284,2720,M,63,Benesov,central Bohemia,8507,1.85,POPLATEK TYDNE,63682.64071856288,167,2073922,1,93888.0,0,C,0,0.15
10492,8505,M,62,Karvina,north Moravia,10177,7.75,POPLATEK MESICNE,35217.88148148148,135,702296,0,42840.0,0,A,0,0.15
6122,5072,F,31,Kutna Hora,central Bohemia,8546,4.02,POPLATEK MESICNE,47649.816053511706,299,1701840,1,317520.0,0,C,0,0.15
5606,4650,M,19,Kladno,central Bohemia,9753,5.05,POPLATEK MESICNE,24344.71747211896,269,832259,1,402000.0,0,C,0,0.14
11685,9493,F,34,Zlin,south Moravia,9624,2.31,POPLATEK MESICNE,48719.74172185431,302,2273386,1,188688.0,0,C,0,0.14
11362,9227,F,33,Trutnov,east Bohemia,8541,2.97,POPLATEK MESICNE,16424.47,100,207311,1,191580.0,0,C,0,0.14
10200,8261,F,19,Rakovnik,central Bohemia,8598,3.26,POPLATEK MESICNE,30675.87851851852,675,3241957,0,87840.0,0,A,0,0.14
2853,2361,F,43,Plzen - sever,west Bohemia,8594,2.01,POPLATEK MESICNE,19727.604904632157,367,1193235,0,156672.0,0,A,0,0.14
2700,2228,M,54,Chomutov,north Bohemia,9675,7.68,POPLATEK MESICNE,46685.13764044944,356,3214904,1,185952.0,0,C,0,0.14
6473,5362,F,59,Sumperk,north Moravia,8369,5.88,POPLATEK TYDNE,29765.375,192,1566470,1,202848.0,0,C,0,0.14
5977,4948,M,20,Hradec Kralove,east Bohemia,9425,2.5,POPLATEK MESICNE,42951.0970464135,237,2101584,1,359760.0,0,C,0,0.13
8506,7049,F,20,Jesenik,north Moravia,8173,7.01,POPLATEK MESICNE,54329.25,76,1502708,1,495180.0,1,C,0,0.13
4584,3804,F,50,Melnik,central Bohemia,9920,2.87,POPLATEK MESICNE,45728.6,450,3920257,0,63252.0,0,A,0,0.13
6803,5632,F,19,Kolin,central Bohemia,9307,4.43,POPLATEK TYDNE,58264.65950920245,326,4506995,1,285600.0,0,C,0,0.13
8392,6950,F,33,Liberec,north Bohemia,9198,4.28,POPLATEK MESICNE,46895.34782608696,161,1366082,1,475680.0,1,C,0,0.13
6798,5628,F,51,Trebic,south Moravia,8814,5.74,POPLATEK MESICNE,34890.91693290735,313,1645425,1,225420.0,0,C,0,0.13
11379,9241,M,47,Ostrava - mesto,north Moravia,10673,5.44,POPLATEK MESICNE,41142.75247524752,202,1672925,1,285240.0,0,C,0,0.13
9945,8051,F,31,Tachov,west Bohemia,8930,4.2,POPLATEK TYDNE,41532.387019230766,416,3966074,0,208320.0,0,A,0,0.13
13845,11265,M,26,Cesky Krumlov,south Bohemia,9045,3.6,POPLATEK MESICNE,22010.19421487603,484,1284945,0,52788.0,0,A,0,0.13
11271,9156,M,62,Pisek,south Bohemia,8968,3.35,POPLATEK MESICNE,28793.45833333333,72,594115,1,163332.0,0,C,0,0.13
9606,7765,M,50,Usti nad Orlici,east Bohemia,8363,3.49,POPLATEK TYDNE,42331.22324159021,327,3006997,0,27984.0,0,A,0,0.13
11911,9677,M,60,Mlada Boleslav,central Bohemia,11277,1.44,POPLATEK MESICNE,34813.757763975154,161,778494,1,31620.0,0,C,0,0.13
2966,2456,M,44,Znojmo,south Moravia,8403,5.72,POPLATEK MESICNE,40951.70943396226,265,2308615,1,200976.0,0,C,0,0.12
12095,9828,M,60,Pardubice,east Bohemia,9538,1.81,POPLATEK MESICNE,45819.17487684729,406,4607578,0,126600.0,0,A,0,0.12
10090,8169,F,19,Rokycany,west Bohemia,8843,3.6,POPLATEK MESICNE,20668.513513513517,259,898916,1,97980.0,0,C,0,0.12
124,103,M,32,Chrudim,east Bohemia,8254,3.76,POPLATEK MESICNE,48288.84864864865,185,1714758,1,265320.0,0,D,1,0.12
5322,4415,F,43,Opava,north Moravia,8746,3.74,POPLATEK MESICNE,49231.2241813602,397,2209098,0,74040.0,0,A,0,0.12
4377,3629,M,21,Rychnov nad Kneznou,east Bohemia,9060,2.44,POPLATEK MESICNE,22880.637735849057,530,2303487,1,158760.0,0,C,0,0.12
10350,8377,F,38,Rokycany,west Bohemia,8843,3.6,POPLATEK MESICNE,42368.40189125296,423,2796773,1,417060.0,0,C,0,0.11
6178,5120,F,59,Hl.m. Praha,Prague,12541,0.43,POPLATEK MESICNE,48719.51876379691,453,4469689,0,323472.0,1,A,0,0.11
2592,2143,F,19,Hl.m. Praha,Prague,12541,0.43,POPLATEK MESICNE,33956.59649122807,228,1711447,1,71460.0,1,C,0,0.11
13447,10940,F,29,Rakovnik,central Bohemia,8598,3.26,POPLATEK MESICNE,47920.05841121495,428,3281854,0,197748.0,0,A,0,0.11
1133,940,F,41,Litomerice,north Bohemia,9065,5.39,POPLATEK MESICNE,72794.35353535354,297,4031951,1,284280.0,1,C,0,0.11
11701,9504,M,50,Nymburk,central Bohemia,8899,3.97,POPLATEK MESICNE,44112.35353535353,198,2813119,1,341280.0,1,C,0,0.11
5760,4774,M,51,Zdar nad Sazavou,south Moravia,8512,4.12,POPLATEK MESICNE,42890.66326530613,392,2980967,1,465072.0,0,C,0,0.11
6417,5313,M,49,Teplice,north Bohemia,9317,7.07,POPLATEK MESICNE,49107.372712146425,601,4957023,1,300660.0,0,C,0,0.11
5487,4550,F,52,Breclav,south Moravia,8772,4.98,POPLATEK MESICNE,24398.97159090909,176,427754,1,61320.0,0,C,0,0.11
8359,6924,M,20,Ostrava - mesto,north Moravia,10673,5.44,POPLATEK MESICNE,38530.35372340425,376,2932835,1,194880.0,1,C,0,0.11
1501,1244,M,53,Frydek - Mistek,north Moravia,9893,4.72,POPLATEK MESICNE,17013.889763779527,254,386661,1,35904.0,0,C,0,0.11
13380,10884,M,57,Znojmo,south Moravia,8403,5.72,POPLATEK MESICNE,46865.70798898072,363,2281932,1,113544.0,0,C,0,0.1
4352,3608,M,28,Olomouc,north Moravia,8994,4.79,POPLATEK TYDNE,44887.12215909091,352,2604076,1,161496.0,0,C,0,0.1
6033,4994,M,33,Hl.m. Praha,Prague,12541,0.43,POPLATEK TYDNE,56216.601941747576,206,2100334,1,258444.0,0,C,0,0.1
5858,4851,M,47,Usti nad Orlici,east Bohemia,8363,3.49,POPLATEK MESICNE,47859.37068965517,232,2820981,0,141648.0,0,A,0,0.1
5574,4626,F,29,Nymburk,central Bohemia,8899,3.97,POPLATEK MESICNE,45632.52095808384,167,2076396,0,33348.0,0,A,0,0.1
13246,10774,F,57,Nachod,east Bohemia,8369,2.31,POPLATEK MESICNE,33493.96153846154,104,424440,1,339168.0,0,C,0,0.1
9273,7485,F,44,Most,north Bohemia,10446,9.4,POPLATEK MESICNE,32920.47951807229,415,3266717,0,91200.0,0,A,0,0.1
12750,10361,F,59,Tabor,south Bohemia,9104,2.07,POPLATEK MESICNE,44567.1,160,2820132,0,86880.0,1,A,0,0.1
2809,2322,M,20,Decin,north Bohemia,8705,7.61,POPLATEK MESICNE,45505.04130434783,460,3132797,0,46320.0,0,A,0,0.1
11314,9188,M,63,Jicin,east Bohemia,8390,2.89,POPLATEK MESICNE,29452.327272727274,605,1961976,0,127080.0,0,A,0,0.1
6001,4969,M,62,Prostejov,south Moravia,8441,4.48,POPLATEK TYDNE,63042.52380952381,210,2797853,1,150180.0,0,C,0,0.09
9340,7542,M,32,Brno - mesto,south Moravia,9897,1.96,POPLATEK MESICNE,37909.69545454546,220,1094715,1,590820.0,0,C,0,0.09
4177,3455,M,64,Chomutov,north Bohemia,9675,7.68,POPLATEK MESICNE,52673.55263157895,190,2344805,0,67464.0,0,A,0,0.09
11266,9153,M,61,Nymburk,central Bohemia,8899,3.97,POPLATEK MESICNE,40892.79885057471,174,468394,1,52236.0,0,C,0,0.09
13417,10915,F,48,Klatovy,west Bohemia,8554,2.68,POPLATEK TYDNE,21450.58857142857,175,768882,1,152460.0,0,C,0,0.09
12181,9897,M,38,Hl.m. Praha,Prague,12541,0.43,POPLATEK MESICNE,30307.76963350785,382,1989481,0,36168.0,0,A,0,0.09
6235,5164,M,59,Kolin,central Bohemia,9307,4.43,POPLATEK MESICNE,22634.721153846152,104,288364,1,22356.0,0,C,0,0.09
2721,2247,F,49,Karlovy Vary,west Bohemia,8991,2.01,POPLATEK MESICNE,40649.66666666666,300,1614473,1,72504.0,0,C,0,0.09
13285,10807,M,64,Chomutov,north Bohemia,9675,7.68,POPLATEK MESICNE,55795.231578947365,190,2346907,0,67464.0,0,A,0,0.09
12738,10351,F,39,Cheb,west Bohemia,8624,2.66,POPLATEK MESICNE,17325.265384615384,260,701109,1,88704.0,0,C,0,0.09
6408,5305,M,43,Pardubice,east Bohemia,9538,1.81,POPLATEK MESICNE,39089.23489932886,149,1746076,1,240528.0,0,C,0,0.08
1051,873,F,28,Opava,north Moravia,8746,3.74,POPLATEK MESICNE,16895.573333333334,150,355603,1,178500.0,0,C,0,0.08
9346,7546,M,27,Hradec Kralove,east Bohemia,9425,2.5,POPLATEK MESICNE,34490.408352668215,431,2375784,0,41952.0,0,A,0,0.08
5521,4580,F,26,Nymburk,central Bohemia,8899,3.97,POPLATEK MESICNE,50401.45081967213,366,3929835,0,20220.0,1,A,0,0.08
1311,1093,F,43,Brno - mesto,south Moravia,9897,1.96,POPLATEK MESICNE,47677.12757201646,243,3633407,1,385104.0,0,C,0,0.08
4754,3942,F,60,Plzen - jih,west Bohemia,8561,1.29,POPLATEK TYDNE,57349.85427135678,199,2442744,1,107352.0,0,C,0,0.08
3546,2936,M,28,Beroun,central Bohemia,8980,2.21,POPLATEK MESICNE,26998.24623115578,199,859691,1,504000.0,0,C,0,0.08
6469,5358,M,46,Kladno,central Bohemia,9753,5.05,POPLATEK MESICNE,50175.34082397004,267,2242968,1,68340.0,0,C,0,0.08
3264,2705,F,49,Vyskov,south Moravia,8288,4.52,POPLATEK PO OBRATU,33983.26818181818,440,2734051,0,93888.0,0,A,0,0.08
8670,7184,F,56,Kolin,central Bohemia,9307,4.43,POPLATEK MESICNE,37220.17297297297,370,2051467,0,155640.0,0,A,0,0.08
12586,10233,M,52,Plzen - jih,west Bohemia,8561,1.29,POPLATEK MESICNE,33274.26116838488,291,1752315,1,239160.0,0,C,0,0.08
4169,3448,F,19,Jihlava,south Moravia,8757,3.95,POPLATEK TYDNE,38762.16551724138,145,1309041,1,68664.0,0,C,0,0.08
13955,11349,F,54,Hl.m. Praha,Prague,12541,0.43,POPLATEK TYDNE,48769.49013157895,304,3957378,1,419880.0,0,C,0,0.08
3793,3137,F,48,Most,north Bohemia,10446,9.4,POPLATEK MESICNE,40490.78571428572,126,1281138,1,253560.0,0,C,0,0.08
8610,7133,F,51,Brno - venkov,south Moravia,8743,2.43,POPLATEK MESICNE,18803.144620811287,567,745956,0,48672.0,0,A,0,0.08
11873,9645,F,36,Louny,north Bohemia,8965,8.23,POPLATEK MESICNE,45596.282608695656,230,2644572,1,176148.0,0,C,0,0.08
9663,7815,M,54,Prachatice,south Bohemia,8402,3.98,POPLATEK TYDNE,47063.621686746985,415,3141571,0,189696.0,0,A,0,0.07
3326,2754,F,47,Hodonin,south Moravia,8720,4.5,POPLATEK TYDNE,40543.86610878661,239,3122188,1,335280.0,0,C,0,0.07
4993,4144,F,26,Hl.m. Praha,Prague,12541,0.43,POPLATEK MESICNE,47824.545945945945,185,2022847,1,212976.0,0,C,0,0.07
3038,2516,F,53,Kutna Hora,central Bohemia,8546,4.02,POPLATEK MESICNE,43064.82547169811,212,1377445,1,466608.0,0,C,0,0.07
11126,9034,F,34,Hl.m. Praha,Prague,12541,0.43,POPLATEK MESICNE,39267.07855973813,611,3290892,0,38148.0,0,A,0,0.07
6359,5263,M,23,Zlin,south Moravia,9624,2.31,POPLATEK MESICNE,36227.42490842491,273,968542,1,276300.0,0,C,0,0.07
127,105,F,49,Tabor,south Bohemia,9104,2.07,POPLATEK MESICNE,30200.627118644068,59,493762,1,352704.0,1,C,0,0.07
11252,9140,F,34,Ceska Lipa,north Bohemia,9272,3.22,POPLATEK MESICNE,22821.85185185185,135,490894,1,16032.0,0,C,0,0.07
2606,2153,M,56,Tachov,west Bohemia,8930,4.2,POPLATEK TYDNE,33462.48540145985,274,2347133,0,61560.0,1,A,0,0.07
215,176,M,32,Novy Jicin,north Moravia,8678,5.57,POPLATEK TYDNE,49256.13868613139,274,2890719,0,27456.0,0,A,0,0.07
13924,11328,F,47,Brno - mesto,south Moravia,9897,1.96,POPLATEK MESICNE,46942.3698630137,146,1326829,1,280440.0,0,C,0,0.07
5928,4907,F,29,Havlickuv Brod,east Bohemia,8388,2.94,POPLATEK MESICNE,28207.45043103448,464,1953013,1,98832.0,0,C,0,0.07
6015,4981,M,26,Brno - mesto,south Moravia,9897,1.96,POPLATEK MESICNE,35846.290748898675,227,1773165,1,179328.0,0,C,0,0.07
6039,4999,F,41,Hl.m. Praha,Prague,12541,0.43,POPLATEK MESICNE,46892.703557312256,253,2181081,1,165168.0,1,C,0,0.07
13968,11359,M,31,Trebic,south Moravia,8814,5.74,POPLATEK MESICNE,36105.851851851854,378,2948097,0,54024.0,1,A,0,0.07
9236,7454,F,43,Tachov,west Bohemia,8930,4.2,POPLATEK MESICNE,17117.45434298441,449,698995,0,63312.0,0,A,0,0.07
1985,1638,M,62,Kutna Hora,central Bohemia,8546,4.02,POPLATEK TYDNE,40743.79090909091,110,751567,1,64224.0,0,C,0,0.07
8074,6686,M,41,Trebic,south Moravia,8814,5.74,POPLATEK MESICNE,38920.882978723406,188,2145346,1,116496.0,0,C,0,0.07
11976,9730,F,60,Brno - mesto,south Moravia,9897,1.96,POPLATEK MESICNE,25973.54777070064,157,529142,1,116040.0,0,C,0,0.07
603,501,F,33,Rakovnik,central Bohemia,8598,3.26,POPLATEK MESICNE,63325.55364806867,233,2600969,1,262980.0,0,C,0,0.07
3763,3112,F,22,Louny,north Bohemia,8965,8.23,POPLATEK MESICNE,73384.10022779043,439,4823300,1,123216.0,1,C,0,0.07
11709,9510,M,38,Hl.m. Praha,Prague,12541,0.43,POPLATEK MESICNE,36799.844311377245,167,1006327,1,228276.0,0,C,0,0.07
11516,9353,M,61,Kromeriz,south Moravia,8444,3.47,POPLATEK MESICNE,54125.6,230,2393998,1,188616.0,0,C,0,0.06
5699,4725,M,49,Opava,north Moravia,8746,3.74,POPLATEK MESICNE,26730.936936936934,111,1205356,1,168264.0,0,C,0,0.06
13412,10911,M,45,Hl.m. Praha,Prague,12541,0.43,POPLATEK TYDNE,39886.81304347826,460,3287346,0,131292.0,0,A,0,0.06
11286,9167,F,59,Breclav,south Moravia,8772,4.98,POPLATEK MESICNE,48846.994736842105,190,1440231,1,272220.0,0,C,0,0.06
13090,10645,F,19,Benesov,central Bohemia,8507,1.85,POPLATEK MESICNE,66259.25766871165,163,2531334,1,208332.0,0,C,0,0.06
9403,7594,M,25,Jindrichuv Hradec,south Bohemia,8427,1.54,POPLATEK MESICNE,52440.021671826624,323,2440590,1,130464.0,0,C,0,0.06
6349,5256,M,27,Olomouc,north Moravia,8994,4.79,POPLATEK PO OBRATU,52787.87009803922,408,3642046,0,193968.0,0,A,0,0.06
8568,7099,F,28,Hl.m. Praha,Prague,12541,0.43,POPLATEK MESICNE,40076.5201793722,223,1788020,1,234336.0,0,C,0,0.06
6255,5180,F,53,Brno - mesto,south Moravia,9897,1.96,POPLATEK MESICNE,45220.75675675676,74,885234,1,58764.0,1,C,0,0.06
9457,7637,M,21,Nachod,east Bohemia,8369,2.31,POPLATEK MESICNE,47488.19298245614,171,1452316,1,390096.0,1,C,0,0.06
7411,6138,F,36,Brno - mesto,south Moravia,9897,1.96,POPLATEK MESICNE,23762.54782608696,115,821313,1,67608.0,0,C,0,0.06
939,785,M,47,Tabor,south Bohemia,9104,2.07,POPLATEK TYDNE,43870.55555555556,108,944040,1,156096.0,0,C,0,0.06
10997,8926,F,27,Hl.m. Praha,Prague,12541,0.43,POPLATEK MESICNE,37751.47,200,854056,1,566640.0,0,C,0,0.06
4417,3664,M,23,Hl.m. Praha,Prague,12541,0.43,POPLATEK MESICNE,66368.98484848485,198,2457866,1,271584.0,1,C,0,0.06
11195,9093,M,46,Jihlava,south Moravia,8757,3.95,POPLATEK MESICNE,50215.70862068966,580,2705360,1,189300.0,1,C,0,0.06
980,816,M,38,Teplice,north Bohemia,9317,7.07,POPLATEK MESICNE,70446.04665314402,493,5550776,0,48624.0,0,A,0,0.06
10662,8645,F,50,Prostejov,south Moravia,8441,4.48,POPLATEK MESICNE,26573.072,125,639166,1,240900.0,0,C,0,0.06
9995,8092,M,41,Brno - mesto,south Moravia,9897,1.96,POPLATEK MESICNE,20582.10408921933,269,966976,1,56100.0,0,C,0,0.06
12616,10257,F,34,Plzen - jih,west Bohemia,8561,1.29,POPLATEK MESICNE,52987.41139240506,158,2248030,1,37812.0,0,C,0,0.06
8636,7156,F,58,Novy Jicin,north Moravia,8678,5.57,POPLATEK MESICNE,45033.66666666666,87,742110,1,49488.0,1,C,0,0.06
5911,4894,M,64,Ceske Budejovice,south Bohemia,10045,1.71,POPLATEK MESICNE,63274.358536585365,410,4237719,0,117024.0,1,A,0,0.06
3542,2933,M,60,Praha - vychod,central Bohemia,10124,0.54,POPLATEK MESICNE,52304.97251585624,473,5018932,1,272520.0,0,C,0,0.06
3517,2910,F,46,Frydek - Mistek,north Moravia,9893,4.72,POPLATEK MESICNE,44637.10588235294,85,1320839,1,437460.0,1,C,0,0.06
7814,6472,F,23,Trebic,south Moravia,8814,5.74,POPLATEK MESICNE,59798.343832021,381,4900497,0,43164.0,0,A,0,0.06
6257,5181,F,57,Prerov,north Moravia,8819,5.66,POPLATEK MESICNE,39458.07792207792,154,1022005,1,399120.0,0,C,0,0.05
3907,3230,F,45,Hl.m. Praha,Prague,12541,0.43,POPLATEK MESICNE,47051.018939393936,264,3112683,1,77184.0,0,C,0,0.05
4428,3674,M,45,Louny,north Bohemia,8965,8.23,POPLATEK MESICNE,67867.25438596492,570,6941745,0,23628.0,0,A,0,0.05
10095,8173,F,23,Hl.m. Praha,Prague,12541,0.43,POPLATEK MESICNE,56843.87706855792,423,5747571,0,80340.0,1,A,0,0.05
2430,2000,M,62,Kolin,central Bohemia,9307,4.43,POPLATEK MESICNE,48864.5859375,128,657159,1,290820.0,1,C,0,0.05
10828,8784,F,42,Hl.m. Praha,Prague,12541,0.43,POPLATEK MESICNE,49901.01047120419,191,2052089,1,74352.0,0,C,0,0.05
2489,2051,F,24,Zlin,south Moravia,9624,2.31,POPLATEK TYDNE,55195.63392857143,224,2893258,1,293880.0,1,D,1,0.05
2470,2035,M,56,Blansko,south Moravia,8240,3.56,POPLATEK MESICNE,50484.21985815603,282,1959694,1,176328.0,0,C,0,0.05
1554,1284,M,55,Brno - venkov,south Moravia,8743,2.43,POPLATEK MESICNE,58505.71428571428,91,1097774,1,52512.0,0,C,0,0.05
13852,11271,M,27,Kolin,central Bohemia,9307,4.43,POPLATEK MESICNE,23287.65346534653,303,1045435,1,67320.0,0,C,0,0.05
10043,8129,M,34,Jicin,east Bohemia,8390,2.89,POPLATEK MESICNE,39672.23244552058,413,2912982,0,74736.0,1,A,0,0.05
631,525,F,43,Karvina,north Moravia,10177,7.75,POPLATEK MESICNE,47845.27127659575,188,1810540,1,210384.0,0,C,0,0.05
13820,11244,F,51,Decin,north Bohemia,8705,7.61,POPLATEK MESICNE,45722.25882352941,170,2013651,1,155760.0,0,C,0,0.05
1509,1250,F,57,Uherske Hradiste,south Moravia,8544,1.86,POPLATEK MESICNE,27296.276018099543,221,1636320,1,182640.0,0,C,0,0.05
6987,5774,M,31,Hl.m. Praha,Prague,12541,0.43,POPLATEK MESICNE,34951.46534653466,303,1805721,0,31176.0,0,A,0,0.05
9715,7857,F,22,Jablonec n. Nisou,north Bohemia,8867,1.21,POPLATEK MESICNE,53222.27288428325,579,5347242,0,68112.0,0,A,0,0.05
3251,2694,F,37,Usti nad Orlici,east Bohemia,8363,3.49,POPLATEK MESICNE,47918.044397463,473,2746070,0,91632.0,0,A,0,0.05
2008,1656,M,59,Pardubice,east Bohemia,9538,1.81,POPLATEK MESICNE,35229.73611111111,144,1180871,1,189792.0,0,C,0,0.05
1208,1004,F,24,Karvina,north Moravia,10177,7.75,POPLATEK MESICNE,64389.01904761905,210,3070262,1,188532.0,0,C,0,0.05
9582,7745,F,57,Benesov,central Bohemia,8507,1.85,POPLATEK MESICNE,45833.69230769231,169,2034239,1,77544.0,1,C,0,0.05
11866,9640,M,62,Hl.m. Praha,Prague,12541,0.43,POPLATEK MESICNE,40071.02452830189,530,3450234,0,76416.0,0,A,0,0.05
13231,10762,M,40,Hl.m. Praha,Prague,12541,0.43,POPLATEK MESICNE,36905.79591836735,245,1541646,1,68832.0,0,C,0,0.05
4620,3834,F,59,Brno - mesto,south Moravia,9897,1.96,POPLATEK MESICNE,24129.73082706767,665,2216845,0,23052.0,0,A,0,0.05
9418,7607,M,49,Hl.m. Praha,Prague,12541,0.43,POPLATEK MESICNE,35077.4064665127,433,2095114,0,31728.0,0,A,0,0.05
3001,2486,M,41,Hl.m. Praha,Prague,12541,0.43,POPLATEK MESICNE,55885.52808988764,534,6910434,0,24516.0,0,A,0,0.05
13071,10630,M,43,Usti nad Labem,north Bohemia,9832,4.48,POPLATEK MESICNE,27560.861842105263,304,1616194,0,198240.0,0,A,0,0.05
6317,5228,F,42,Vsetin,north Moravia,8909,5.56,POPLATEK PO OBRATU,64091.779735682816,454,7117530,0,173808.0,0,A,0,0.05
4916,4079,M,60,Usti nad Orlici,east Bohemia,8363,3.49,POPLATEK MESICNE,51315.477739726026,584,4943029,1,158976.0,0,C,0,0.05
8064,6678,F,33,Brno - mesto,south Moravia,9897,1.96,POPLATEK MESICNE,66044.10218978103,274,4104041,1,294384.0,0,C,0,0.04
8548,7082,F,54,Hodonin,south Moravia,8720,4.5,POPLATEK MESICNE,28162.78111587983,233,752867,1,194160.0,0,C,0,0.04
7576,6273,M,37,Louny,north Bohemia,8965,8.23,POPLATEK MESICNE,51558.565326633165,398,3593916,0,87360.0,1,A,0,0.04
403,330,F,26,Havlickuv Brod,east Bohemia,8388,2.94,POPLATEK MESICNE,42020.43846153846,130,1213696,1,331584.0,0,C,0,0.04
13640,11096,F,44,Plzen - sever,west Bohemia,8594,2.01,POPLATEK MESICNE,36255.73154362416,149,1215007,1,213300.0,0,C,0,0.04
6729,5572,M,42,Cesky Krumlov,south Bohemia,9045,3.6,POPLATEK MESICNE,41528.31914893617,94,883339,1,140880.0,0,C,0,0.04
210,173,M,60,Zdar nad Sazavou,south Moravia,8512,4.12,POPLATEK MESICNE,37433.91433566433,572,2581475,0,104808.0,0,A,0,0.04
6301,5215,F,50,Brno - venkov,south Moravia,8743,2.43,POPLATEK MESICNE,44652.49607535322,637,2226450,0,14628.0,1,A,0,0.04
8096,6706,F,20,Louny,north Bohemia,8965,8.23,POPLATEK MESICNE,44139.76666666667,180,674153,1,64860.0,0,C,0,0.04
11359,9225,M,27,Praha - zapad,central Bohemia,9622,0.59,POPLATEK MESICNE,52243.22727272727,264,2562317,1,164256.0,0,C,0,0.04
11114,9024,M,47,Hl.m. Praha,Prague,12541,0.43,POPLATEK MESICNE,26800.315589353613,263,1148872,1,70656.0,0,C,0,0.04
12840,10436,M,60,Prostejov,south Moravia,8441,4.48,POPLATEK MESICNE,59367.74603174603,189,528126,1,54396.0,0,C,0,0.04
10517,8523,F,19,Brno - mesto,south Moravia,9897,1.96,POPLATEK MESICNE,55230.83783783784,185,2527443,1,93036.0,0,C,0,0.04
2291,1888,M,42,Kutna Hora,central Bohemia,8546,4.02,POPLATEK MESICNE,27610.465863453814,249,1674921,0,57360.0,0,B,1,0.04
3629,3005,M,52,Havlickuv Brod,east Bohemia,8388,2.94,POPLATEK PO OBRATU,44852.0495049505,101,1120283,1,390000.0,0,C,0,0.04
11713,9513,F,48,Kromeriz,south Moravia,8444,3.47,POPLATEK MESICNE,29415.30102040816,196,1392703,0,18324.0,0,A,0,0.04
2141,1766,M,48,Plzen - sever,west Bohemia,8594,2.01,POPLATEK MESICNE,28752.848861283645,483,2192315,1,30060.0,1,C,0,0.04
12376,10063,M,40,Kladno,central Bohemia,9753,5.05,POPLATEK TYDNE,49418.5,232,2197373,1,233424.0,0,C,0,0.04
3576,2962,F,60,Hl.m. Praha,Prague,12541,0.43,POPLATEK MESICNE,60424.6018957346,422,4846387,0,31248.0,0,A,0,0.04
11004,8931,M,52,Vyskov,south Moravia,8288,4.52,POPLATEK TYDNE,61704.90277777778,360,3835523,1,186300.0,1,C,0,0.04
11093,9006,M,40,Teplice,north Bohemia,9317,7.07,POPLATEK TYDNE,56833.23787528869,433,4509801,1,186384.0,0,C,0,0.04
11686,9494,F,51,Tabor,south Bohemia,9104,2.07,POPLATEK MESICNE,26965.455,200,1066255,0,116832.0,0,A,0,0.04
3294,2728,M,42,Usti nad Orlici,east Bohemia,8363,3.49,POPLATEK TYDNE,49536.2429906542,107,1053222,1,156420.0,0,C,0,0.04
1533,1270,M,39,Brno - venkov,south Moravia,8743,2.43,POPLATEK PO OBRATU,22698.29569892473,186,842841,1,74772.0,0,C,0,0.04
9798,7926,F,49,Jesenik,north Moravia,8173,7.01,POPLATEK TYDNE,51148.1780104712,191,2369853,0,84120.0,0,A,0,0.04
11855,9631,M,42,Praha - zapad,central Bohemia,9622,0.59,POPLATEK MESICNE,26120.86440677966,177,1005882,1,59448.0,0,C,0,0.04
11208,9104,F,42,Praha - vychod,central Bohemia,10124,0.54,POPLATEK MESICNE,56994.92803970223,403,3437911,0,172080.0,0,A,0,0.04
11461,9307,M,25,Karvina,north Moravia,10177,7.75,POPLATEK MESICNE,58766.85362095531,649,4964583,0,41904.0,0,A,0,0.04
1216,1012,F,54,Znojmo,south Moravia,8403,5.72,POPLATEK MESICNE,39696.39563106797,412,3092212,0,98184.0,0,A,0,0.04
11598,9424,F,22,Brno - mesto,south Moravia,9897,1.96,POPLATEK MESICNE,26198.53125,128,702324,1,83628.0,0,C,0,0.04
9546,7713,F,44,Svitavy,east Bohemia,8187,5.45,POPLATEK TYDNE,38540.63087248322,149,1297815,1,220440.0,0,C,0,0.04
3013,2496,F,49,Trutnov,east Bohemia,8541,2.97,POPLATEK MESICNE,21484.50788643533,317,1005207,1,165120.0,0,C,0,0.04
9417,7606,M,50,Tabor,south Bohemia,9104,2.07,POPLATEK MESICNE,55607.91293532338,402,4094561,1,191880.0,0,C,0,0.04
2952,2445,F,21,Usti nad Orlici,east Bohemia,8363,3.49,POPLATEK MESICNE,55419.49206349206,189,2592327,1,293160.0,0,C,0,0.04
1130,938,F,59,Karvina,north Moravia,10177,7.75,POPLATEK MESICNE,30607.126984126982,63,141875,1,22260.0,0,C,0,0.04
11329,9201,F,38,Jesenik,north Moravia,8173,7.01,POPLATEK MESICNE,54079.29126213592,206,2433839,1,122472.0,0,C,0,0.03
7324,6061,F,36,Hl.m. Praha,Prague,12541,0.43,POPLATEK MESICNE,40547.78571428572,126,944695,1,5148.0,0,C,0,0.03
13539,11013,M,21,Vyskov,south Moravia,8288,4.52,POPLATEK TYDNE,56912.57968476357,571,6376289,0,274740.0,1,A,0,0.03
11637,9455,M,48,Opava,north Moravia,8746,3.74,POPLATEK MESICNE,54097.46261682243,214,2114414,1,374760.0,0,C,0,0.03
11274,9159,M,30,Zlin,south Moravia,9624,2.31,POPLATEK MESICNE,42855.19791666666,288,1024547,1,69600.0,0,C,0,0.03
13912,11317,M,24,Svitavy,east Bohemia,8187,5.45,POPLATEK MESICNE,66468.5870967742,155,2168083,1,317460.0,0,C,0,0.03
7753,6425,F,21,Karvina,north Moravia,10177,7.75,POPLATEK MESICNE,26750.781902552204,431,1909120,0,36684.0,0,A,0,0.03
11050,8972,F,42,Karvina,north Moravia,10177,7.75,POPLATEK MESICNE,40796.141700404856,247,1422334,1,45024.0,0,C,0,0.03
8615,7136,F,60,Pribram,central Bohemia,8754,4.31,POPLATEK TYDNE,55798.65963060686,379,3127562,1,74124.0,0,C,0,0.03
10198,8260,M,23,Tachov,west Bohemia,8930,4.2,POPLATEK MESICNE,68073.48470588235,425,6075896,0,224604.0,1,A,0,0.03
12079,9814,F,27,Zlin,south Moravia,9624,2.31,POPLATEK TYDNE,60051.14004914005,407,3657362,0,96168.0,1,A,0,0.03
9555,7721,F,52,Rakovnik,central Bohemia,8598,3.26,POPLATEK MESICNE,43457.57731958763,97,856177,1,45456.0,1,C,0,0.03
8737,7240,F,51,Pelhrimov,south Bohemia,8114,2.62,POPLATEK MESICNE,24208.14973262032,187,1075681,1,152160.0,0,C,0,0.03
8764,7262,F,59,Karvina,north Moravia,10177,7.75,POPLATEK MESICNE,32637.284210526315,190,1026157,1,73260.0,0,C,0,0.03
9173,7401,M,54,Hl.m. Praha,Prague,12541,0.43,POPLATEK MESICNE,35557.592050209205,478,3157653,0,80952.0,0,A,0,0.03
9217,7437,F,59,Prachatice,south Bohemia,8402,3.98,POPLATEK TYDNE,32514.33846153846,130,574627,1,110736.0,0,C,0,0.03
13201,10738,M,62,Tachov,west Bohemia,8930,4.2,POPLATEK TYDNE,53153.725454545456,550,5091445,0,115992.0,1,A,0,0.03
9366,7562,M,24,Olomouc,north Moravia,8994,4.79,POPLATEK TYDNE,66885.87457627119,295,3908322,1,309600.0,0,C,0,0.03
9370,7565,M,24,Kromeriz,south Moravia,8444,3.47,POPLATEK MESICNE,31061.45089285714,224,1370298,1,153504.0,0,C,0,0.03
9456,7636,F,58,Teplice,north Bohemia,9317,7.07,POPLATEK MESICNE,43748.81463414634,205,1362759,1,42384.0,0,C,0,0.03
8356,6922,M,30,Beroun,central Bohemia,8980,2.21,POPLATEK TYDNE,48303.55555555556,108,1427038,1,139488.0,0,C,0,0.03
12308,10005,M,21,Zlin,south Moravia,9624,2.31,POPLATEK MESICNE,46756.61643835616,73,969769,1,210744.0,0,C,0,0.03
9717,7859,F,47,Usti nad Orlici,east Bohemia,8363,3.49,POPLATEK MESICNE,76453.66923076923,260,3459823,0,72120.0,1,A,0,0.03
9872,7990,F,32,Nymburk,central Bohemia,8899,3.97,POPLATEK MESICNE,67525.14485981308,214,2878750,1,144960.0,0,C,0,0.03
9915,8027,M,32,Plzen - jih,west Bohemia,8561,1.29,POPLATEK TYDNE,62552.77171215881,403,5473626,0,77640.0,0,A,0,0.03
12662,10297,M,46,Ceske Budejovice,south Bohemia,10045,1.71,POPLATEK MESICNE,49500.0,228,1718730,1,421008.0,1,C,0,0.03
10023,8114,F,26,Kromeriz,south Moravia,8444,3.47,POPLATEK MESICNE,35984.96958174905,263,1517428,1,99300.0,0,C,0,0.03
12547,10202,F,36,Karvina,north Moravia,10177,7.75,POPLATEK MESICNE,42387.596244131455,213,1585782,1,305424.0,0,C,0,0.03
12432,10105,M,34,Brno - venkov,south Moravia,8743,2.43,POPLATEK MESICNE,66951.42084168337,499,5903669,0,121896.0,0,A,0,0.03
8666,7180,F,28,Melnik,central Bohemia,9920,2.87,POPLATEK TYDNE,43225.46846846847,111,950378,1,99744.0,0,C,0,0.03
6946,5742,F,29,Ostrava - mesto,north Moravia,10673,5.44,POPLATEK PO OBRATU,49002.10699588477,243,2458871,1,232560.0,0,C,0,0.03
13971,11362,F,37,Bruntal,north Moravia,8110,6.55,POPLATEK MESICNE,30470.11046511628,344,1330026,0,129408.0,0,A,0,0.03
5801,4803,F,20,Plzen - mesto,west Bohemia,10787,3.09,POPLATEK MESICNE,25197.96,175,375732,1,59136.0,0,C,0,0.03
5364,4447,M,35,Uherske Hradiste,south Moravia,8544,1.86,POPLATEK MESICNE,47651.21390374332,187,1953601,1,192744.0,0,C,0,0.03
4710,3906,F,38,Usti nad Orlici,east Bohemia,8363,3.49,POPLATEK MESICNE,66272.0425531915,94,1242225,1,334620.0,0,C,0,0.03
6616,5481,M,46,Hl.m. Praha,Prague,12541,0.43,POPLATEK MESICNE,56543.898263027295,403,5008651,0,209184.0,0,A,0,0.03
1681,1389,M,59,Chomutov,north Bohemia,9675,7.68,POPLATEK MESICNE,48904.25396825397,126,1336003,1,125472.0,0,C,0,0.03
5433,4503,M,24,Svitavy,east Bohemia,8187,5.45,POPLATEK MESICNE,58129.095563139934,293,3892381,1,135360.0,1,C,0,0.03
352,290,M,59,Breclav,south Moravia,8772,4.98,POPLATEK MESICNE,53456.674134419554,491,4172379,0,123696.0,0,A,0,0.03
414,339,F,52,Nachod,east Bohemia,8369,2.31,POPLATEK TYDNE,65889.81018518518,216,2782005,1,468060.0,1,C,0,0.03
2831,2343,F,19,Frydek - Mistek,north Moravia,9893,4.72,POPLATEK MESICNE,39104.214521452144,303,1261106,0,99336.0,0,A,0,0.03
6731,5574,M,56,Rakovnik,central Bohemia,8598,3.26,POPLATEK TYDNE,60027.15968586387,382,5459720,0,44628.0,0,A,0,0.03
6749,5591,F,56,Nymburk,central Bohemia,8899,3.97,POPLATEK MESICNE,51147.89632107024,299,1551033,1,221880.0,0,C,0,0.03
2550,2106,F,23,Hl.m. Praha,Prague,12541,0.43,POPLATEK MESICNE,22391.583783783783,185,926467,0,101520.0,0,A,0,0.03
861,718,F,43,Hl.m. Praha,Prague,12541,0.43,POPLATEK MESICNE,48722.73309608541,281,2782388,0,76944.0,1,A,0,0.03
2522,2080,M,62,Ostrava - mesto,north Moravia,10673,5.44,POPLATEK MESICNE,63789.734375,128,2093484,1,214596.0,1,C,0,0.03
2647,2187,M,59,Nymburk,central Bohemia,8899,3.97,POPLATEK TYDNE,65723.25675675676,222,3016414,0,53472.0,0,A,0,0.03
5366,4448,F,28,Prostejov,south Moravia,8441,4.48,POPLATEK MESICNE,67194.60788863109,431,4689737,0,192744.0,1,A,0,0.03
6892,5698,F,48,Hl.m. Praha,Prague,12541,0.43,POPLATEK MESICNE,58031.55555555556,99,1267477,1,99216.0,0,C,0,0.03
1300,1083,M,20,Jicin,east Bohemia,8390,2.89,POPLATEK MESICNE,26454.354166666668,192,672485,1,50976.0,0,C,0,0.03
1029,854,F,45,Hl.m. Praha,Prague,12541,0.43,POPLATEK MESICNE,26392.90019569472,511,1414497,1,87216.0,0,C,0,0.03
5860,4852,M,35,Pardubice,east Bohemia,9538,1.81,POPLATEK MESICNE,24255.52,275,1007218,1,213300.0,0,C,0,0.03
7010,5794,M,32,Karvina,north Moravia,10177,7.75,POPLATEK MESICNE,42213.9344978166,229,1930977,1,123600.0,0,C,0,0.03
2190,1808,M,25,Plzen - sever,west Bohemia,8594,2.01,POPLATEK MESICNE,69693.36633663367,101,1226571,1,385584.0,0,C,0,0.03
3906,3229,M,63,Zlin,south Moravia,9624,2.31,POPLATEK MESICNE,53534.21299638989,277,2461466,0,39024.0,1,A,0,0.03
2686,2218,F,48,Prachatice,south Bohemia,8402,3.98,POPLATEK MESICNE,69319.51307189543,306,4380635,1,182040.0,1,C,0,0.03
1020,846,F,22,Olomouc,north Moravia,8994,4.79,POPLATEK MESICNE,66175.57205240175,229,2848825,0,187104.0,1,A,0,0.03
46,38,F,59,Prachatice,south Bohemia,8402,3.98,POPLATEK TYDNE,34462.38461538462,130,571952,1,110736.0,0,C,0,0.03
10528,8533,F,47,Pardubice,east Bohemia,9538,1.81,POPLATEK MESICNE,66296.62162162163,296,3134048,1,174048.0,1,C,0,0.02
13405,10905,M,41,Ceska Lipa,north Bohemia,9272,3.22,POPLATEK MESICNE,48050.977401129945,177,525013,1,57120.0,1,C,0,0.02
421,344,M,34,Brno - mesto,south Moravia,9897,1.96,POPLATEK MESICNE,41086.66917293233,399,1841480,1,100980.0,0,C,0,0.02
1499,1242,F,48,Ostrava - mesto,north Moravia,10673,5.44,POPLATEK PO OBRATU,51192.27826086956,230,1753242,1,128544.0,0,C,0,0.02
10543,8547,F,54,Ceske Budejovice,south Bohemia,10045,1.71,POPLATEK TYDNE,55378.005899705015,339,3408379,1,173016.0,1,C,0,0.02
11304,9179,F,39,Plzen - sever,west Bohemia,8594,2.01,POPLATEK MESICNE,42151.33774834437,151,1054627,1,215040.0,0,C,0,0.02
8677,7190,M,44,Semily,east Bohemia,8208,2.26,POPLATEK MESICNE,29107.09476309227,401,1246283,1,63360.0,0,C,0,0.02
5826,4825,M,31,Cesky Krumlov,south Bohemia,9045,3.6,POPLATEK MESICNE,29748.01661129568,301,1350481,0,21396.0,0,A,0,0.02
2822,2334,M,41,Svitavy,east Bohemia,8187,5.45,POPLATEK MESICNE,32698.939252336448,214,1163658,1,48312.0,0,C,0,0.02
1944,1603,F,42,Tachov,west Bohemia,8930,4.2,POPLATEK MESICNE,30917.380761523047,499,1626611,0,78936.0,0,A,0,0.02
3800,3143,F,45,Louny,north Bohemia,8965,8.23,POPLATEK MESICNE,36910.782608695656,161,579377,1,130896.0,0,C,0,0.02
9427,7614,F,29,Uherske Hradiste,south Moravia,8544,1.86,POPLATEK MESICNE,63984.12720848057,283,3976149,1,320592.0,1,C,0,0.02
5618,4660,F,46,Vyskov,south Moravia,8288,4.52,POPLATEK MESICNE,40008.90957446808,188,1614560,1,106944.0,0,C,0,0.02
5565,4618,F,33,Beroun,central Bohemia,8980,2.21,POPLATEK MESICNE,28485.78523489933,149,1395575,1,66696.0,0,D,1,0.02
12599,10243,M,43,Chrudim,east Bohemia,8254,3.76,POPLATEK MESICNE,69377.21052631579,133,2360456,1,113436.0,1,C,0,0.02
5232,4342,F,51,Ostrava - mesto,north Moravia,10673,5.44,POPLATEK MESICNE,68942.98775510205,245,2553961,1,100128.0,1,C,0,0.02
3649,3021,F,40,Praha - vychod,central Bohemia,10124,0.54,POPLATEK MESICNE,31852.22033898305,177,1366968,1,155616.0,0,C,0,0.02
12643,10280,F,37,Jesenik,north Moravia,8173,7.01,POPLATEK MESICNE,58179.63448275862,145,1834062,1,348120.0,1,C,0,0.02
3601,2982,M,61,Prachatice,south Bohemia,8402,3.98,POPLATEK MESICNE,66817.10561056106,303,3303872,1,41256.0,1,C,0,0.02
9844,7965,M,54,Brno - venkov,south Moravia,8743,2.43,POPLATEK MESICNE,40341.0197044335,406,3352312,0,71460.0,0,A,0,0.02
9593,7753,F,31,Ostrava - mesto,north Moravia,10673,5.44,POPLATEK MESICNE,58674.832,500,6346658,0,51696.0,1,A,0,0.02
1816,1498,M,48,Uherske Hradiste,south Moravia,8544,1.86,POPLATEK TYDNE,46121.17424242424,132,1258375,1,165780.0,0,C,0,0.02
992,825,M,51,Prachatice,south Bohemia,8402,3.98,POPLATEK MESICNE,33872.564220183485,218,1206351,0,53076.0,1,A,0,0.02
11063,8982,F,44,Zlin,south Moravia,9624,2.31,POPLATEK MESICNE,62471.68343815514,477,4389225,0,227880.0,0,A,0,0.02
3335,2762,M,32,Praha - zapad,central Bohemia,9622,0.59,POPLATEK MESICNE,60965.33753943218,634,7399389,0,111384.0,0,A,0,0.02
798,666,F,59,Plzen - jih,west Bohemia,8561,1.29,POPLATEK MESICNE,47634.97463768116,276,1072934,0,12540.0,1,A,0,0.02
4956,4116,M,53,Kutna Hora,central Bohemia,8546,4.02,POPLATEK MESICNE,52607.5,94,1399310,1,151200.0,0,C,0,0.02
5563,4616,M,23,Hl.m. Praha,Prague,12541,0.43,POPLATEK MESICNE,75595.65322580645,124,1739624,1,66696.0,1,C,0,0.02
1852,1528,M,37,Svitavy,east Bohemia,8187,5.45,POPLATEK MESICNE,32866.64248704663,193,1201815,1,191088.0,0,C,0,0.02
5978,4949,F,55,Decin,north Bohemia,8705,7.61,POPLATEK MESICNE,64987.02597402597,154,2069963,1,289920.0,1,C,0,0.02
6196,5133,M,56,Frydek - Mistek,north Moravia,9893,4.72,POPLATEK TYDNE,50740.80612244898,196,1893313,1,57060.0,1,C,0,0.02
6077,5033,F,19,Brno - mesto,south Moravia,9897,1.96,POPLATEK MESICNE,28142.65420560748,321,659432,0,11400.0,0,A,0,0.02
4672,3875,M,50,Chrudim,east Bohemia,8254,3.76,POPLATEK MESICNE,58962.94520547945,73,1142992,1,153936.0,0,C,0,0.02
2153,1776,F,50,Liberec,north Bohemia,9198,4.28,POPLATEK MESICNE,39581.82524271845,103,481563,1,43200.0,0,C,0,0.02
4656,3862,M,57,Hl.m. Praha,Prague,12541,0.43,POPLATEK MESICNE,58488.03398058253,206,2597889,1,74916.0,0,C,0,0.02
13690,11138,M,36,Karvina,north Moravia,10177,7.75,POPLATEK TYDNE,73259.46461538461,325,5371592,0,89880.0,1,A,0,0.02
7787,6453,M,48,Chomutov,north Bohemia,9675,7.68,POPLATEK MESICNE,23022.597345132745,226,348066,1,10944.0,0,C,0,0.02
13750,11186,F,19,Pribram,central Bohemia,8754,4.31,POPLATEK MESICNE,67157.0796460177,339,4222474,1,392460.0,1,C,0,0.02
6764,5602,M,55,Prachatice,south Bohemia,8402,3.98,POPLATEK PO OBRATU,54444.37569060773,181,2020080,1,177504.0,1,C,0,0.02
6789,5622,M,20,Hodonin,south Moravia,8720,4.5,POPLATEK MESICNE,61408.32920353983,565,5242068,0,83016.0,1,A,0,0.02
4055,3353,F,46,Ostrava - mesto,north Moravia,10673,5.44,POPLATEK MESICNE,43421.24347826087,230,1974678,1,146064.0,0,C,0,0.02
12133,9859,F,35,Plzen - jih,west Bohemia,8561,1.29,POPLATEK MESICNE,48721.274900398406,251,1885617,1,300600.0,1,C,0,0.02
11768,9560,F,28,Hl.m. Praha,Prague,12541,0.43,POPLATEK MESICNE,52712.76136363636,88,1015021,1,157068.0,0,C,0,0.02
2403,1978,F,36,Hl.m. Praha,Prague,12541,0.43,POPLATEK TYDNE,56266.304964539006,564,4863115,0,205200.0,0,A,0,0.02
116,97,M,57,Ostrava - mesto,north Moravia,10673,5.44,POPLATEK MESICNE,39814.62773722628,274,1229270,0,102876.0,1,A,0,0.02
7150,5912,F,36,Jicin,east Bohemia,8390,2.89,POPLATEK MESICNE,34655.8954248366,153,1056194,1,184620.0,0,C,0,0.02
11874,9646,M,30,Hl.m. Praha,Prague,12541,0.43,POPLATEK TYDNE,42764.58741258741,143,1781308,1,279072.0,0,C,0,0.02
12754,10364,M,39,Brno - venkov,south Moravia,8743,2.43,POPLATEK MESICNE,46258.33880903491,487,2341768,0,21924.0,0,A,0,0.02
12378,10065,F,53,Sumperk,north Moravia,8369,5.88,POPLATEK MESICNE,73529.36121673005,263,4191036,1,311232.0,1,C,0,0.02
1705,1407,F,53,Prachatice,south Bohemia,8402,3.98,POPLATEK PO OBRATU,77371.25274725274,182,2589206,1,125472.0,0,C,0,0.02
2621,2165,M,43,Trutnov,east Bohemia,8541,2.97,POPLATEK MESICNE,30019.91129032258,124,925416,1,78600.0,0,C,0,0.02
11497,9337,F,40,Praha - zapad,central Bohemia,9622,0.59,POPLATEK MESICNE,45316.00950570342,526,3172499,0,52128.0,1,A,0,0.02
2083,1718,M,56,Novy Jicin,north Moravia,8678,5.57,POPLATEK MESICNE,63373.98795180723,83,1345651,1,172272.0,0,C,0,0.02
6366,5269,M,33,Semily,east Bohemia,8208,2.26,POPLATEK MESICNE,30180.25352112676,213,1293869,1,117420.0,0,C,0,0.02
376,309,F,26,Ceske Budejovice,south Bohemia,10045,1.71,POPLATEK MESICNE,29792.63888888889,108,832420,1,91248.0,0,C,0,0.02
2148,1772,F,46,Tachov,west Bohemia,8930,4.2,POPLATEK TYDNE,67825.57575757576,330,4837991,1,202788.0,0,C,0,0.02
13556,11027,M,41,Ceska Lipa,north Bohemia,9272,3.22,POPLATEK TYDNE,31486.71270718232,181,854250,1,48096.0,0,C,0,0.02
8276,6856,F,20,Hradec Kralove,east Bohemia,9425,2.5,POPLATEK MESICNE,32102.03761755486,319,1815108,1,124344.0,0,C,0,0.02
9755,7890,F,48,Cheb,west Bohemia,8624,2.66,POPLATEK MESICNE,29862.176470588234,204,609588,1,79344.0,0,C,0,0.02
13590,11054,M,22,Kromeriz,south Moravia,8444,3.47,POPLATEK TYDNE,33725.22844827586,232,1477652,1,148920.0,0,C,0,0.02
13451,10942,F,44,Chrudim,east Bohemia,8254,3.76,POPLATEK TYDNE,59423.22222222222,441,6275675,1,314520.0,0,C,0,0.02
13603,11065,M,58,Nachod,east Bohemia,8369,2.31,POPLATEK MESICNE,33499.903225806454,403,1773910,0,69360.0,0,A,0,0.02
389,319,F,25,Pardubice,east Bohemia,9538,1.81,POPLATEK TYDNE,63669.20212765958,376,3366562,1,369000.0,0,C,0,0.02
1505,1247,F,28,Znojmo,south Moravia,8403,5.72,POPLATEK MESICNE,54881.85547785548,429,4873649,1,99696.0,0,D,1,0.01
10714,8688,F,53,Zdar nad Sazavou,south Moravia,8512,4.12,POPLATEK MESICNE,44826.96913580247,162,929548,0,67980.0,0,A,0,0.01
10287,8330,F,37,Rychnov nad Kneznou,east Bohemia,9060,2.44,POPLATEK MESICNE,46877.81333333333,525,3137678,0,7656.0,0,A,0,0.01
3822,3161,M,46,Rychnov nad Kneznou,east Bohemia,9060,2.44,POPLATEK MESICNE,51154.20279720279,143,1551432,1,30012.0,0,C,0,0.01
10479,8492,F,44,Benesov,central Bohemia,8507,1.85,POPLATEK MESICNE,41859.729857819904,422,1395707,1,85860.0,1,C,0,0.01
3929,3249,M,42,Ostrava - mesto,north Moravia,10673,5.44,POPLATEK MESICNE,37501.22839506173,162,1150143,0,68124.0,0,A,0,0.01
1516,1256,F,53,Louny,north Bohemia,8965,8.23,POPLATEK MESICNE,32609.19804400978,409,1860783,0,71064.0,0,A,0,0.01
12729,10345,M,31,Liberec,north Bohemia,9198,4.28,POPLATEK MESICNE,22276.52879581152,191,745909,1,31260.0,0,C,0,0.01
10459,8475,F,35,Pelhrimov,south Bohemia,8114,2.62,POPLATEK MESICNE,31828.3125,544,1089629,0,21072.0,0,A,0,0.01
10563,8564,M,50,Frydek - Mistek,north Moravia,9893,4.72,POPLATEK MESICNE,54558.900552486186,543,5258168,0,76680.0,0,A,0,0.01
1662,1374,M,32,Blansko,south Moravia,8240,3.56,POPLATEK MESICNE,55641.030120481926,166,2851979,1,389136.0,0,C,0,0.01
10636,8625,M,28,Zlin,south Moravia,9624,2.31,POPLATEK MESICNE,65872.04735883424,549,6332062,0,47304.0,1,A,0,0.01
3984,3293,F,35,Hl.m. Praha,Prague,12541,0.43,POPLATEK MESICNE,59131.412903225806,155,1653976,1,276084.0,1,C,0,0.01
2,2,M,54,Hl.m. Praha,Prague,12541,0.43,POPLATEK MESICNE,36540.78033472804,478,3151514,0,80952.0,0,A,0,0.01
1755,1447,F,34,Znojmo,south Moravia,8403,5.72,POPLATEK MESICNE,29367.48818897638,127,608138,1,100080.0,0,C,0,0.01
3608,2988,M,52,Zdar nad Sazavou,south Moravia,8512,4.12,POPLATEK PO OBRATU,54237.54761904762,168,2117218,1,88608.0,0,C,0,0.01
2259,1862,F,49,Prachatice,south Bohemia,8402,3.98,POPLATEK TYDNE,59719.85454545455,275,3798563,1,396120.0,1,C,0,0.01
2288,1886,F,42,Ceska Lipa,north Bohemia,9272,3.22,POPLATEK MESICNE,30650.22966507177,209,1966190,1,162468.0,0,C,0,0.01
2235,1843,F,59,Ceske Budejovice,south Bohemia,10045,1.71,POPLATEK MESICNE,35669.38528138528,462,2764477,0,105804.0,1,A,0,0.01
2342,1928,M,51,Karvina,north Moravia,10177,7.75,POPLATEK MESICNE,30101.134453781517,119,735249,1,55632.0,0,C,0,0.01
12102,9833,F,31,Tabor,south Bohemia,9104,2.07,POPLATEK MESICNE,59053.0621572212,547,7037966,0,97632.0,0,A,0,0.01
2514,2073,M,42,Kromeriz,south Moravia,8444,3.47,POPLATEK MESICNE,40629.50602409639,83,576538,1,44640.0,0,C,0,0.01
2560,2116,F,25,Karvina,north Moravia,10177,7.75,POPLATEK MESICNE,42200.732142857145,224,1641828,0,92400.0,1,A,0,0.01
12144,9869,M,19,Benesov,central Bohemia,8507,1.85,POPLATEK MESICNE,57196.32043010752,465,3044422,1,331560.0,1,C,0,0.01
11662,9472,M,27,Sumperk,north Moravia,8369,5.88,POPLATEK TYDNE,53966.42290748899,454,4485998,0,36396.0,0,A,0,0.01
11609,9433,M,42,Kromeriz,south Moravia,8444,3.47,POPLATEK MESICNE,41047.81927710844,83,577719,1,44640.0,0,C,0,0.01
12303,10001,F,25,Karlovy Vary,west Bohemia,8991,2.01,POPLATEK MESICNE,56285.20564516129,248,1454586,1,19044.0,0,C,0,0.01
11574,9403,F,55,Hl.m. Praha,Prague,12541,0.43,POPLATEK TYDNE,39187.02320185615,431,2675018,0,120888.0,0,A,0,0.01
2623,2167,F,34,Jindrichuv Hradec,south Bohemia,8427,1.54,POPLATEK MESICNE,55541.34708737864,412,3352147,0,170256.0,1,A,0,0.01
11405,9263,F,35,Frydek - Mistek,north Moravia,9893,4.72,POPLATEK MESICNE,26055.689075630253,238,1329942,0,39576.0,0,A,0,0.01
11371,9235,F,58,Litomerice,north Bohemia,9065,5.39,POPLATEK MESICNE,42475.01398601398,286,1400744,1,83280.0,1,C,0,0.01
2739,2262,M,49,Rakovnik,central Bohemia,8598,3.26,POPLATEK MESICNE,66186.01234567902,162,2552463,1,230220.0,1,C,0,0.01
2746,2268,M,28,Hl.m. Praha,Prague,12541,0.43,POPLATEK MESICNE,55270.5979020979,286,2311217,1,20196.0,0,C,0,0.01
2841,2350,F,26,Pisek,south Bohemia,8968,3.35,POPLATEK MESICNE,51807.778894472365,199,2190582,1,159744.0,1,C,0,0.01
2843,2352,F,33,Karvina,north Moravia,10177,7.75,POPLATEK MESICNE,53113.82,400,2037026,1,49440.0,0,C,0,0.01
2922,2419,M,59,Hradec Kralove,east Bohemia,9425,2.5,POPLATEK MESICNE,66389.99523809523,420,6025983,0,95808.0,0,A,0,0.01
3103,2572,F,26,Zlin,south Moravia,9624,2.31,POPLATEK PO OBRATU,60046.6,375,5248315,1,360000.0,0,C,0,0.01
11123,9031,M,51,Pardubice,east Bohemia,9538,1.81,POPLATEK MESICNE,34675.328042328045,189,761995,1,50112.0,0,C,0,0.01
11121,9030,F,28,Olomouc,north Moravia,8994,4.79,POPLATEK MESICNE,46860.153645833336,384,1776483,1,155616.0,0,C,0,0.01
3324,2753,F,28,Plzen - mesto,west Bohemia,10787,3.09,POPLATEK MESICNE,32738.798122065728,213,1610399,1,66432.0,0,C,0,0.01
3519,2912,M,50,Ostrava - mesto,north Moravia,10673,5.44,POPLATEK MESICNE,67985.50406504064,369,5610304,1,380160.0,1,C,0,0.01
12561,10215,M,33,Louny,north Bohemia,8965,8.23,POPLATEK MESICNE,57288.28632478633,234,953545,1,44304.0,0,C,0,0.01
10963,8899,M,55,Hl.m. Praha,Prague,12541,0.43,POPLATEK TYDNE,65644.53715498939,471,4663441,1,125340.0,0,C,0,0.01
10275,8321,F,29,Vsetin,north Moravia,8909,5.56,POPLATEK MESICNE,36367.31401869159,535,1805718,1,89040.0,0,C,0,0.01
4882,4052,M,21,Liberec,north Bohemia,9198,4.28,POPLATEK TYDNE,42200.32846715328,137,1023569,1,106128.0,0,C,0,0.01
10269,8316,F,59,Karvina,north Moravia,10177,7.75,POPLATEK MESICNE,62732.0,422,4508119,0,134784.0,0,A,0,0.01
8598,7123,F,42,Nachod,east Bohemia,8369,2.31,POPLATEK PO OBRATU,54667.09574468085,470,6326822,0,47016.0,0,A,0,0.01
6422,5317,M,39,Plzen - sever,west Bohemia,8594,2.01,POPLATEK MESICNE,29359.99342105263,152,854340,1,90180.0,0,C,0,0.01
8200,6792,F,55,Hl.m. Praha,Prague,12541,0.43,POPLATEK MESICNE,32435.31640625,256,826625,0,17184.0,0,A,0,0.01
370,303,F,43,Novy Jicin,north Moravia,8678,5.57,POPLATEK MESICNE,47716.65909090909,176,976968,1,112752.0,1,C,0,0.01
13490,10973,F,30,Pisek,south Bohemia,8968,3.35,POPLATEK TYDNE,59249.85232067511,474,6246871,0,154416.0,0,A,0,0.01
13480,10963,M,46,Jindrichuv Hradec,south Bohemia,8427,1.54,POPLATEK MESICNE,60348.92957746479,284,3309445,1,115812.0,0,C,0,0.01
8502,7045,M,56,Trutnov,east Bohemia,8541,2.97,POPLATEK MESICNE,62931.295774647886,142,1841613,1,288720.0,1,C,0,0.01
5965,4937,M,48,Svitavy,east Bohemia,8187,5.45,POPLATEK MESICNE,56721.03392857143,560,5179057,0,143904.0,0,A,0,0.01
8076,6688,F,49,Jindrichuv Hradec,south Bohemia,8427,1.54,POPLATEK MESICNE,39637.27309236948,249,556403,1,22968.0,0,C,0,0.01
8667,7181,F,32,Vsetin,north Moravia,8909,5.56,POPLATEK PO OBRATU,56545.97635135135,296,1970729,1,49872.0,0,C,0,0.01
5873,4863,F,20,Kolin,central Bohemia,9307,4.43,POPLATEK MESICNE,60857.08045977011,261,2711491,0,76080.0,1,A,0,0.01
8777,7274,F,46,Praha - zapad,central Bohemia,9622,0.59,POPLATEK MESICNE,37358.77011494253,87,787343,1,49044.0,0,C,0,0.01
5774,4784,F,39,Nachod,east Bohemia,8369,2.31,POPLATEK MESICNE,63611.19047619047,84,1023438,1,219456.0,0,C,0,0.01
9202,7424,M,37,Frydek - Mistek,north Moravia,9893,4.72,POPLATEK MESICNE,53878.96350364963,274,2961788,0,30276.0,0,A,0,0.01
530,440,F,42,Rokycany,west Bohemia,8843,3.6,POPLATEK MESICNE,34672.1768707483,147,817699,1,84288.0,0,C,0,0.01
8089,6699,M,34,Jablonec n. Nisou,north Bohemia,8867,1.21,POPLATEK MESICNE,38370.27027027027,222,1410369,1,127200.0,0,C,0,0.01
13608,11069,F,36,Litomerice,north Bohemia,9065,5.39,POPLATEK MESICNE,54140.85546875,256,2286281,1,119136.0,0,C,0,0.01
568,472,F,39,Mlada Boleslav,central Bohemia,11277,1.44,POPLATEK MESICNE,58574.15094339623,159,2791008,1,196800.0,0,D,1,0.01
272,226,F,55,Karvina,north Moravia,10177,7.75,POPLATEK MESICNE,49699.01550387597,129,933130,1,109344.0,1,C,0,0.01
7186,5944,F,55,Plzen - jih,west Bohemia,8561,1.29,POPLATEK MESICNE,47499.169642857145,112,846913,1,78720.0,1,C,0,0.01
78,67,F,55,Jindrichuv Hradec,south Bohemia,8427,1.54,POPLATEK MESICNE,56893.40575916231,382,4518183,0,165960.0,0,A,0,0.01
13923,11327,F,20,Melnik,central Bohemia,9920,2.87,POPLATEK MESICNE,56689.613333333335,75,559884,1,39168.0,0,C,0,0.01
7434,6157,F,57,Chomutov,north Bohemia,9675,7.68,POPLATEK MESICNE,59124.60824742268,194,2635588,1,247920.0,1,C,0,0.01
158,132,F,54,Teplice,north Bohemia,9317,7.07,POPLATEK PO OBRATU,52603.11616161616,198,2535955,0,88440.0,1,A,0,0.01
7594,6289,F,50,Zlin,south Moravia,9624,2.31,POPLATEK MESICNE,63959.175,280,3478761,1,85632.0,0,C,0,0.01
13803,11231,M,52,Hl.m. Praha,Prague,12541,0.43,POPLATEK MESICNE,50357.601156069366,173,2185899,0,89280.0,0,A,0,0.01
13620,11079,M,29,Jindrichuv Hradec,south Bohemia,8427,1.54,POPLATEK MESICNE,73271.69918699187,246,4041912,0,98304.0,1,A,0,0.01
7723,6397,F,33,Rychnov nad Kneznou,east Bohemia,9060,2.44,POPLATEK MESICNE,41255.25,264,1775721,1,181020.0,0,C,0,0.01
7772,6440,F,23,Hl.m. Praha,Prague,12541,0.43,POPLATEK MESICNE,49152.7724137931,145,1441491,0,34572.0,0,A,0,0.01
333,276,M,28,Louny,north Bohemia,8965,8.23,POPLATEK MESICNE,50293.47692307692,65,725934,1,160920.0,1,C,0,0.01
13657,11111,F,36,Kromeriz,south Moravia,8444,3.47,POPLATEK MESICNE,59002.20325203252,492,5552154,0,108144.0,0,A,0,0.01
7914,6555,F,33,Louny,north Bohemia,8965,8.23,POPLATEK TYDNE,62403.422374429225,438,4243603,0,212400.0,0,A,0,0.01
6691,5541,M,57,Hradec Kralove,east Bohemia,9425,2.5,POPLATEK MESICNE,34800.21574344023,343,881763,1,32640.0,0,C,0,0.01
5642,4681,F,42,Karvina,north Moravia,10177,7.75,POPLATEK MESICNE,36298.77551020408,294,1800584,1,162624.0,0,C,0,0.01
458,378,M,38,Frydek - Mistek,north Moravia,9893,4.72,POPLATEK MESICNE,68190.47674418605,344,3926908,1,230400.0,0,C,0,0.01
1157,960,F,41,Kladno,central Bohemia,9753,5.05,POPLATEK PO OBRATU,55426.55284552846,369,4387312,1,189060.0,1,C,0,0.01
5253,4361,F,53,Jesenik,north Moravia,8173,7.01,POPLATEK MESICNE,76110.125,208,3330567,0,90156.0,1,A,0,0.01
9930,8039,M,27,Nymburk,central Bohemia,8899,3.97,POPLATEK MESICNE,49513.46020761246,289,1901830,0,93600.0,1,A,0,0.01
9880,7997,F,29,Praha - vychod,central Bohemia,10124,0.54,POPLATEK MESICNE,52846.88,225,2791827,1,160656.0,0,C,0,0.01
4937,4099,F,39,Brno - mesto,south Moravia,9897,1.96,POPLATEK MESICNE,41713.7568627451,255,1193213,1,41856.0,1,C,0,0.01
1197,993,F,33,Kutna Hora,central Bohemia,8546,4.02,POPLATEK MESICNE,54170.60952380952,105,1188251,1,108720.0,1,C,0,0.01
12890,10478,F,41,Karvina,north Moravia,10177,7.75,POPLATEK TYDNE,55270.91709844559,193,2308493,1,267600.0,0,C,0,0.01
13089,10644,F,20,Jindrichuv Hradec,south Bohemia,8427,1.54,POPLATEK MESICNE,61828.4,120,1683966,1,269964.0,1,C,0,0.01
4768,3953,F,39,Hl.m. Praha,Prague,12541,0.43,POPLATEK MESICNE,57357.944881889765,127,1265798,1,63576.0,0,C,0,0.01
4712,3907,F,39,Litomerice,north Bohemia,9065,5.39,POPLATEK MESICNE,44806.34104046243,173,1863663,1,133848.0,0,C,0,0.01
13098,10652,F,21,Hl.m. Praha,Prague,12541,0.43,POPLATEK MESICNE,38910.14765100672,149,1349896,1,45720.0,0,C,0,0.01
5224,4337,M,50,Rokycany,west Bohemia,8843,3.6,POPLATEK MESICNE,63675.65847665848,407,5075354,0,51408.0,1,A,0,0.01
10075,8158,M,35,Rychnov nad Kneznou,east Bohemia,9060,2.44,POPLATEK TYDNE,59032.07727272727,220,2533292,1,238716.0,0,C,0,0.01
2277,1876,M,20,Hl.m. Praha,Prague,12541,0.43,POPLATEK MESICNE,45958.44565217391,92,590499,1,209040.0,1,C,0,0.01
5245,4354,F,57,Louny,north Bohemia,8965,8.23,POPLATEK MESICNE,50955.43356643357,143,1632106,1,327660.0,1,C,0,0.01
12844,10440,M,53,Jicin,east Bohemia,8390,2.89,POPLATEK MESICNE,36819.18380743983,457,1191047,1,60000.0,0,C,0,0.01
9641,7795,M,54,Zlin,south Moravia,9624,2.31,POPLATEK MESICNE,65701.62535211268,355,4997291,1,372120.0,1,C,0,0.01
9569,7733,F,49,Prachatice,south Bohemia,8402,3.98,POPLATEK TYDNE,67486.71649484536,194,2737085,1,140064.0,1,C,0,0.01
12810,10411,M,35,Most,north Bohemia,10446,9.4,POPLATEK PO OBRATU,53253.51863354037,322,2396351,0,123408.0,1,A,0,0.01
4217,3489,F,48,Nymburk,central Bohemia,8899,3.97,POPLATEK MESICNE,43216.42,300,1666460,0,44088.0,0,A,0,0.01
4291,3556,F,48,Jihlava,south Moravia,8757,3.95,POPLATEK MESICNE,34492.592920353985,113,631367,1,174840.0,0,C,0,0.01
976,813,F,44,Jindrichuv Hradec,south Bohemia,8427,1.54,POPLATEK MESICNE,36158.44387755102,392,1922382,0,24312.0,0,A,0,0.01
810,675,F,54,Jihlava,south Moravia,8757,3.95,POPLATEK MESICNE,38258.0608365019,263,987969,1,102240.0,1,C,0,0.01
5320,4414,F,48,Pelhrimov,south Bohemia,8114,2.62,POPLATEK MESICNE,34073.24476987448,478,1793688,0,97224.0,0,A,0,0.01
9929,8038,F,32,Pardubice,east Bohemia,9538,1.81,POPLATEK MESICNE,55829.67261904762,168,1289002,1,35856.0,1,C,0,0.01
132,110,M,46,Liberec,north Bohemia,9198,4.28,POPLATEK MESICNE,45365.32535885168,209,1429406,1,162576.0,1,C,0,0.0
2205,1819,M,47,Brno - venkov,south Moravia,8743,2.43,POPLATEK TYDNE,51082.57065217391,184,1577252,1,143676.0,0,C,0,0.0
13694,11141,F,23,Hl.m. Praha,Prague,12541,0.43,POPLATEK TYDNE,61940.03289473684,152,1696214,0,44940.0,1,A,0,0.0
12843,10439,M,46,Zdar nad Sazavou,south Moravia,8512,4.12,POPLATEK MESICNE,56137.61995249406,421,5010889,0,151560.0,1,A,0,0.0
1215,1011,M,55,Jicin,east Bohemia,8390,2.89,POPLATEK MESICNE,57193.650154798765,323,2172135,1,204000.0,0,C,0,0.0
12908,10493,M,58,Pribram,central Bohemia,8754,4.31,POPLATEK MESICNE,45957.21468926554,177,1651758,1,133800.0,0,C,0,0.0
12850,10445,M,44,Olomouc,north Moravia,8994,4.79,POPLATEK MESICNE,60391.89756097561,205,1569792,1,23412.0,1,C,0,0.0
12050,9790,M,56,Usti nad Orlici,east Bohemia,8363,3.49,POPLATEK MESICNE,55054.66223404255,376,3639220,1,133968.0,1,C,0,0.0
31,25,M,37,Frydek - Mistek,north Moravia,9893,4.72,POPLATEK MESICNE,56279.23722627737,274,2958556,0,30276.0,0,A,0,0.0
12485,10148,F,34,Chomutov,north Bohemia,9675,7.68,POPLATEK MESICNE,50943.05732484077,157,643036,1,22104.0,0,C,0,0.0
12220,9928,F,28,Prostejov,south Moravia,8441,4.48,POPLATEK MESICNE,54166.13654618474,249,1025721,1,89340.0,0,C,0,0.0
12943,10520,M,29,Brno - venkov,south Moravia,8743,2.43,POPLATEK PO OBRATU,56297.75742574257,202,2334946,1,417600.0,1,C,0,0.0
13276,10799,M,22,Sumperk,north Moravia,8369,5.88,POPLATEK MESICNE,35676.39759036145,83,186249,1,31140.0,0,C,0,0.0
12468,10134,M,30,Domazlice,west Bohemia,8620,1.25,POPLATEK MESICNE,50507.86486486487,148,1836751,1,136368.0,0,C,0,0.0
655,544,M,57,Ceska Lipa,north Bohemia,9272,3.22,POPLATEK MESICNE,53438.34251968504,254,2191786,0,91152.0,1,A,0,0.0
1913,1580,M,31,Jesenik,north Moravia,8173,7.01,POPLATEK MESICNE,48646.08653846154,208,2358466,1,194256.0,1,C,0,0.0
13290,10812,M,58,Jindrichuv Hradec,south Bohemia,8427,1.54,POPLATEK MESICNE,45509.44736842105,114,1037979,1,140688.0,0,C,0,0.0
12802,10404,M,30,Hl.m. Praha,Prague,12541,0.43,POPLATEK MESICNE,47124.02403846154,208,1239263,1,194280.0,1,C,0,0.0
13134,10679,F,37,Hl.m. Praha,Prague,12541,0.43,POPLATEK MESICNE,67736.74137931035,116,2036358,1,197808.0,1,C,0,0.0
12396,10079,F,29,Uherske Hradiste,south Moravia,8544,1.86,POPLATEK MESICNE,56108.46803652968,438,5318376,1,167100.0,1,C,0,0.0
12382,10068,M,44,Hl.m. Praha,Prague,12541,0.43,POPLATEK MESICNE,54901.32638888889,144,1720480,0,77808.0,0,A,0,0.0
1793,1480,F,54,Usti nad Labem,north Bohemia,9832,4.48,POPLATEK TYDNE,54359.85802469136,162,2083468,1,123300.0,1,C,0,0.0
2063,1698,F,49,Frydek - Mistek,north Moravia,9893,4.72,POPLATEK MESICNE,46668.56338028169,213,1354835,1,141948.0,1,C,0,0.0
13468,10954,M,39,Klatovy,west Bohemia,8554,2.68,POPLATEK MESICNE,41621.80722891566,166,787974,1,18720.0,1,C,0,0.0
13095,10650,M,49,Sumperk,north Moravia,8369,5.88,POPLATEK MESICNE,75639.62765957447,94,1610724,1,196224.0,1,C,0,0.0
12328,10022,F,55,Hl.m. Praha,Prague,12541,0.43,POPLATEK MESICNE,52006.0,133,1118755,1,218064.0,1,C,0,0.0
12325,10019,M,35,Mlada Boleslav,central Bohemia,11277,1.44,POPLATEK MESICNE,52650.048,250,2606945,1,194940.0,0,C,0,0.0
13261,10789,M,55,Prerov,north Moravia,8819,5.66,POPLATEK MESICNE,61220.13636363636,286,3263181,0,45768.0,0,A,0,0.0
13576,11042,M,25,Olomouc,north Moravia,8994,4.79,POPLATEK MESICNE,56111.06542056075,321,3673743,0,217152.0,1,A,0,0.0
2267,1869,F,33,Hl.m. Praha,Prague,12541,0.43,POPLATEK MESICNE,67825.37869822486,169,1528098,1,37944.0,1,C,0,0.0
7286,6030,F,29,Pardubice,east Bohemia,9538,1.81,POPLATEK MESICNE,60557.29178470255,353,2784678,0,28248.0,1,A,0,0.0
11906,9673,M,55,Sumperk,north Moravia,8369,5.88,POPLATEK MESICNE,41159.05172413793,116,623297,1,88200.0,0,C,0,0.0
5526,4585,M,52,Plzen - jih,west Bohemia,8561,1.29,POPLATEK MESICNE,38747.4793814433,194,870525,1,64656.0,1,C,0,0.0
6275,5196,M,43,Rakovnik,central Bohemia,8598,3.26,POPLATEK TYDNE,59206.65384615384,130,1697433,0,79824.0,1,A,0,0.0
6185,5126,F,51,Jihlava,south Moravia,8757,3.95,POPLATEK MESICNE,25314.84589041096,292,856036,1,20352.0,0,C,0,0.0
6175,5118,M,35,Olomouc,north Moravia,8994,4.79,POPLATEK MESICNE,34816.95409836066,305,793089,1,53232.0,0,C,0,0.0
6042,5001,M,36,Blansko,south Moravia,8240,3.56,POPLATEK MESICNE,54492.964566929135,254,3100334,0,110112.0,0,A,0,0.0
8661,7176,F,45,Hl.m. Praha,Prague,12541,0.43,POPLATEK MESICNE,43275.154362416106,149,1244278,1,203940.0,0,C,0,0.0
5727,4746,M,46,Brno - mesto,south Moravia,9897,1.96,POPLATEK MESICNE,65213.13725490196,153,2399353,1,204780.0,1,C,0,0.0
5701,4727,F,40,Benesov,central Bohemia,8507,1.85,POPLATEK MESICNE,57480.872521246456,353,3606082,0,107640.0,0,A,0,0.0
5684,4715,F,44,Mlada Boleslav,central Bohemia,11277,1.44,POPLATEK MESICNE,58575.07843137255,153,2592800,1,97176.0,1,C,0,0.0
5579,4631,M,48,Vsetin,north Moravia,8909,5.56,POPLATEK PO OBRATU,58287.60902255639,133,1106025,1,87528.0,1,C,0,0.0
9362,7559,F,26,Breclav,south Moravia,8772,4.98,POPLATEK MESICNE,35128.40350877193,114,286068,1,12792.0,0,C,0,0.0
5468,4533,F,55,Frydek - Mistek,north Moravia,9893,4.72,POPLATEK MESICNE,63035.19327731092,119,1820250,1,81144.0,1,C,0,0.0
9775,7907,M,39,Karvina,north Moravia,10177,7.75,POPLATEK MESICNE,55253.64532019704,203,2071087,0,97392.0,0,A,0,0.0
5399,4476,F,27,Karlovy Vary,west Bohemia,8991,2.01,POPLATEK MESICNE,27463.756157635467,406,1539421,0,15192.0,0,A,0,0.0
9450,7632,F,56,Frydek - Mistek,north Moravia,9893,4.72,POPLATEK MESICNE,42927.09316770186,161,1271781,1,170448.0,0,C,0,0.0
5395,4473,M,37,Jicin,east Bohemia,8390,2.89,POPLATEK MESICNE,55425.21908127209,283,1987146,1,93960.0,0,C,0,0.0
5389,4467,M,31,Pelhrimov,south Bohemia,8114,2.62,POPLATEK TYDNE,28918.522123893807,113,647631,1,86184.0,0,C,0,0.0
9505,7674,M,41,Hl.m. Praha,Prague,12541,0.43,POPLATEK MESICNE,61186.65891472868,258,2806117,1,94488.0,0,C,0,0.0
5376,4456,M,29,Ceske Budejovice,south Bohemia,10045,1.71,POPLATEK MESICNE,70889.02083333333,192,2207231,1,321240.0,1,C,0,0.0
9611,7769,M,41,Cheb,west Bohemia,8624,2.66,POPLATEK MESICNE,63749.26206896552,435,5364674,0,196080.0,0,A,0,0.0
5171,4293,F,43,Zlin,south Moravia,9624,2.31,POPLATEK PO OBRATU,56157.745192307695,208,2699564,1,164196.0,0,C,0,0.0
5143,4268,M,26,Vsetin,north Moravia,8909,5.56,POPLATEK MESICNE,38957.21985815603,141,628939,1,41988.0,0,C,0,0.0
9721,7861,M,45,Chomutov,north Bohemia,9675,7.68,POPLATEK MESICNE,56539.461352657,414,1728118,0,21852.0,1,A,0,0.0
8432,6985,F,31,Louny,north Bohemia,8965,8.23,POPLATEK MESICNE,59926.452296819785,283,3669495,1,96768.0,0,C,0,0.0
8366,6930,F,39,Usti nad Labem,north Bohemia,9832,4.48,POPLATEK MESICNE,52050.96078431373,357,3324623,0,25944.0,1,A,0,0.0
6367,5270,M,29,Chrudim,east Bohemia,8254,3.76,POPLATEK MESICNE,65773.4567099567,462,6937482,0,79608.0,0,A,0,0.0
6383,5283,M,29,Cesky Krumlov,south Bohemia,9045,3.6,POPLATEK MESICNE,70556.37634408602,93,1445572,1,170832.0,0,C,0,0.0
7195,5952,M,37,Svitavy,east Bohemia,8187,5.45,POPLATEK MESICNE,63072.58439490446,628,4888225,0,141240.0,1,A,0,0.0
7366,6097,F,26,Rokycany,west Bohemia,8843,3.6,POPLATEK MESICNE,26846.58252427185,103,321153,1,26208.0,0,C,0,0.0
7127,5891,M,42,Beroun,central Bohemia,8980,2.21,POPLATEK MESICNE,70233.51939655172,464,5134772,0,65184.0,1,A,0,0.0
7422,6148,M,41,Ostrava - mesto,north Moravia,10673,5.44,POPLATEK MESICNE,62014.105769230766,416,2927480,0,59760.0,1,A,0,0.0
7065,5837,F,28,Kolin,central Bohemia,9307,4.43,POPLATEK MESICNE,53945.90751445087,173,1801971,1,177804.0,0,C,0,0.0
7521,6226,F,39,Ostrava - mesto,north Moravia,10673,5.44,POPLATEK TYDNE,67899.07481296758,401,5779391,1,398640.0,0,C,0,0.0
7567,6265,M,62,Kolin,central Bohemia,9307,4.43,POPLATEK MESICNE,55385.64646464647,198,2235777,1,87360.0,1,C,0,0.0
7672,6353,M,46,Plzen - mesto,west Bohemia,10787,3.09,POPLATEK MESICNE,45950.92640692641,462,3206870,1,79920.0,1,C,0,0.0
7683,6363,M,53,Pribram,central Bohemia,8754,4.31,POPLATEK MESICNE,51932.27966101695,354,1649938,0,17508.0,1,A,0,0.0
6753,5593,M,37,Cesky Krumlov,south Bohemia,9045,3.6,POPLATEK MESICNE,63700.14432989691,291,3629324,0,44376.0,1,A,0,0.0
7796,6461,F,24,Svitavy,east Bohemia,8187,5.45,POPLATEK MESICNE,55372.9595959596,198,1970847,1,150912.0,1,C,0,0.0
7843,6495,M,33,Kutna Hora,central Bohemia,8546,4.02,POPLATEK MESICNE,38456.90960451977,177,1182409,1,104964.0,0,C,0,0.0
7855,6505,F,35,Melnik,central Bohemia,9920,2.87,POPLATEK MESICNE,45556.5306122449,49,378298,1,38496.0,1,C,0,0.0
7862,6510,M,34,Ostrava - mesto,north Moravia,10673,5.44,POPLATEK MESICNE,48684.37804878049,164,1775073,1,76992.0,1,C,0,0.0
7959,6592,F,21,Hl.m. Praha,Prague,12541,0.43,POPLATEK MESICNE,68033.52678571429,224,3306497,1,390660.0,1,C,0,0.0
8030,6649,M,32,Hl.m. Praha,Prague,12541,0.43,POPLATEK MESICNE,52747.333333333336,186,2007632,1,100260.0,1,C,0,0.0
6610,5477,M,45,Hodonin,south Moravia,8720,4.5,POPLATEK MESICNE,68515.36042402827,283,3673700,1,349392.0,1,C,0,0.0
8091,6701,M,28,Kolin,central Bohemia,9307,4.43,POPLATEK TYDNE,68519.10855949896,479,6336074,0,95400.0,0,A,0,0.0
6571,5445,F,28,Olomouc,north Moravia,8994,4.79,POPLATEK MESICNE,37644.44559585492,193,652551,1,78696.0,0,C,0,0.0
6511,5395,M,46,Pardubice,east Bohemia,9538,1.81,POPLATEK MESICNE,52628.80612244898,196,1779338,1,158184.0,0,C,0,0.0
8333,6902,M,33,Prostejov,south Moravia,8441,4.48,POPLATEK MESICNE,28553.937142857143,175,592592,1,49320.0,0,C,0,0.0
9760,7894,M,30,Plzen - jih,west Bohemia,8561,1.29,POPLATEK MESICNE,54465.769230769234,286,2889606,1,153144.0,1,C,0,0.0
5133,4259,F,40,Zdar nad Sazavou,south Moravia,8512,4.12,POPLATEK MESICNE,55904.032751091705,458,5438840,0,79632.0,0,A,0,0.0
11886,9656,F,58,Trebic,south Moravia,8814,5.74,POPLATEK MESICNE,56452.70478170478,481,5595720,0,139536.0,0,A,0,0.0
11409,9265,F,19,Ceska Lipa,north Bohemia,9272,3.22,POPLATEK MESICNE,64095.143079315705,643,5590882,0,39576.0,1,A,0,0.0
3257,2699,F,21,Opava,north Moravia,8746,3.74,POPLATEK MESICNE,55599.98333333333,180,2293700,1,231168.0,1,C,0,0.0
3163,2622,F,35,Hl.m. Praha,Prague,12541,0.43,POPLATEK MESICNE,34076.90502793296,179,862211,1,136344.0,0,C,0,0.0
3113,2580,F,28,Prostejov,south Moravia,8441,4.48,POPLATEK MESICNE,53490.17269076305,249,1026334,1,89340.0,0,C,0,0.0
2915,2413,F,45,Decin,north Bohemia,8705,7.61,POPLATEK MESICNE,31700.32894736842,76,463346,1,17952.0,0,C,0,0.0
2759,2279,M,25,Benesov,central Bohemia,8507,1.85,POPLATEK TYDNE,56690.4081632653,147,2172715,1,314688.0,1,C,0,0.0
2719,2245,F,35,Rokycany,west Bohemia,8843,3.6,POPLATEK MESICNE,65513.87745098039,408,4887089,1,347952.0,0,C,0,0.0
11337,9208,M,30,Rokycany,west Bohemia,8843,3.6,POPLATEK MESICNE,31893.631944444445,144,873660,1,82128.0,0,C,0,0.0
2698,2227,F,29,Tachov,west Bohemia,8930,4.2,POPLATEK TYDNE,62734.05952380953,420,5462150,0,92976.0,1,A,0,0.0
11372,9236,M,38,Praha - zapad,central Bohemia,9622,0.59,POPLATEK MESICNE,55418.885918003565,561,2070533,0,86616.0,0,A,0,0.0
11381,9242,F,20,Hodonin,south Moravia,8720,4.5,POPLATEK MESICNE,36277.605504587154,218,604053,0,23184.0,0,A,0,0.0
11545,9377,F,33,Hl.m. Praha,Prague,12541,0.43,POPLATEK MESICNE,63444.43227665706,347,2787639,1,99936.0,1,C,0,0.0
9833,7957,M,35,Trutnov,east Bohemia,8541,2.97,POPLATEK MESICNE,54697.62138728324,346,3660703,0,42900.0,1,A,0,0.0
11596,9422,F,59,Karvina,north Moravia,10177,7.75,POPLATEK MESICNE,50556.86617100372,269,3171063,0,86184.0,1,A,0,0.0
2590,2142,F,35,Havlickuv Brod,east Bohemia,8388,2.94,POPLATEK MESICNE,37711.83516483517,91,647479,1,23328.0,0,C,0,0.0
2581,2134,F,46,Usti nad Orlici,east Bohemia,8363,3.49,POPLATEK MESICNE,40347.16176470588,204,762203,1,22932.0,0,C,0,0.0
11683,9491,M,19,Melnik,central Bohemia,9920,2.87,POPLATEK TYDNE,57743.57021276596,235,2727542,1,225504.0,1,C,0,0.0
2503,2064,F,22,Brno - mesto,south Moravia,9897,1.96,POPLATEK MESICNE,26644.3515625,128,701757,1,83628.0,0,C,0,0.0
11754,9548,M,33,Uherske Hradiste,south Moravia,8544,1.86,POPLATEK MESICNE,53416.50549450549,182,1117148,1,46176.0,0,C,0,0.0
11794,9583,F,29,Tachov,west Bohemia,8930,4.2,POPLATEK TYDNE,65320.49881235154,421,5439570,0,104712.0,0,A,0,0.0
2501,2062,F,59,Karvina,north Moravia,10177,7.75,POPLATEK MESICNE,47496.17472118959,269,3174065,0,86184.0,1,A,0,0.0
11851,9627,M,29,Znojmo,south Moravia,8403,5.72,POPLATEK PO OBRATU,63065.94722222223,360,4705138,1,244368.0,0,C,0,0.0
2316,1906,M,29,Hl.m. Praha,Prague,12541,0.43,POPLATEK MESICNE,49927.98148148148,216,1763968,1,44952.0,0,C,0,0.0
3291,2725,M,52,Usti nad Orlici,east Bohemia,8363,3.49,POPLATEK MESICNE,50945.85625,160,879551,1,69624.0,1,C,0,0.0
3414,2824,F,52,Praha - zapad,central Bohemia,9622,0.59,POPLATEK MESICNE,56606.80871670702,413,2045550,1,50460.0,1,C,0,0.0
7325,6062,M,24,Karlovy Vary,west Bohemia,8991,2.01,POPLATEK MESICNE,53716.38613861386,202,2324592,1,321360.0,1,C,0,0.0
10818,8776,M,27,Zlin,south Moravia,9624,2.31,POPLATEK MESICNE,51764.98885793872,359,1483774,1,33984.0,0,C,0,0.0
9914,8026,M,57,Liberec,north Bohemia,9198,4.28,POPLATEK MESICNE,63713.11111111111,108,1040280,1,128268.0,1,C,0,0.0
9933,8041,M,58,Ostrava - mesto,north Moravia,10673,5.44,POPLATEK MESICNE,62794.73303167421,442,5601356,0,140400.0,1,A,0,0.0
4861,4033,F,22,Hodonin,south Moravia,8720,4.5,POPLATEK MESICNE,33258.1377245509,167,648756,1,84288.0,0,C,0,0.0
9997,8094,M,37,Bruntal,north Moravia,8110,6.55,POPLATEK MESICNE,58814.8198757764,161,2511858,1,220428.0,0,C,0,0.0
10040,8127,F,31,Litomerice,north Bohemia,9065,5.39,POPLATEK MESICNE,68465.01275510204,392,4798383,0,155880.0,1,A,0,0.0
10076,8159,F,30,Plzen - mesto,west Bohemia,10787,3.09,POPLATEK MESICNE,39429.25377643504,331,1127554,0,29784.0,0,A,0,0.0
4527,3752,F,36,Hl.m. Praha,Prague,12541,0.43,POPLATEK MESICNE,54388.89375,320,1761191,0,18564.0,0,A,0,0.0
4386,3637,F,54,Blansko,south Moravia,8240,3.56,POPLATEK MESICNE,57448.37142857143,280,1286860,0,14028.0,0,A,0,0.0
4182,3460,M,58,Jindrichuv Hradec,south Bohemia,8427,1.54,POPLATEK MESICNE,48259.36842105263,114,1036006,1,140688.0,0,C,0,0.0
10209,8268,M,24,Kromeriz,south Moravia,8444,3.47,POPLATEK MESICNE,37305.16666666666,210,789722,1,8616.0,0,C,0,0.0
4132,3418,M,37,Havlickuv Brod,east Bohemia,8388,2.94,POPLATEK PO OBRATU,50082.20430107527,186,2240816,1,207264.0,0,C,0,0.0
4114,3403,M,35,Vyskov,south Moravia,8288,4.52,POPLATEK MESICNE,58984.91338582677,127,1403549,1,71820.0,0,C,0,0.0
4099,3390,F,54,Pribram,central Bohemia,8754,4.31,POPLATEK TYDNE,52229.81603773585,212,1020362,1,40632.0,0,C,0,0.0
4056,3354,F,47,Vyskov,south Moravia,8288,4.52,POPLATEK MESICNE,25265.219512195123,533,1453562,0,4980.0,0,A,0,0.0
4024,3329,M,35,Beroun,central Bohemia,8980,2.21,POPLATEK MESICNE,36320.54878048781,164,1075432,0,19248.0,0,A,0,0.0
3705,3064,F,34,Hl.m. Praha,Prague,12541,0.43,POPLATEK MESICNE,34505.8671875,512,1505718,0,15420.0,0,A,0,0.0
10654,8639,F,37,Nachod,east Bohemia,8369,2.31,POPLATEK MESICNE,30978.563106796115,103,637960,1,185640.0,0,C,0,0.0
3687,3050,M,27,Semily,east Bohemia,8208,2.26,POPLATEK MESICNE,57004.2249589491,609,6079311,0,82896.0,1,A,0,0.0
10746,8713,M,28,Blansko,south Moravia,8240,3.56,POPLATEK MESICNE,32501.458015267177,131,758016,1,170700.0,0,C,0,0.0
10777,8742,F,19,Karvina,north Moravia,10177,7.75,POPLATEK MESICNE,24695.91133004926,203,778251,0,33144.0,0,A,0,0.0
3616,2994,F,35,Vsetin,north Moravia,8909,5.56,POPLATEK MESICNE,50284.89150943396,212,1328174,1,48744.0,1,C,0,0.0
3606,2986,M,41,Vyskov,south Moravia,8288,4.52,POPLATEK MESICNE,51849.905982905984,234,1569343,1,24792.0,1,C,0,0.0
